study,database,studyID,taxon,taxon_new,realm,climate,study_name,min_lat,max_lat,min_long,max_long,cent_lat,cent_long,mean_grain_m2,sd_grain_m2,extent_km2,start_year,end_year,n_years,duration,min_samp,max_samp,nsamp_same,sprich,sprich_range,Psprich_range,continent,ocean
bt_67,bt,67,birds,Birds,Terrestrial,Temperate,Animal Demography Unit - Coordinated Waterbird Counts (CWAC) (AfrOBIS),-34.72,-25.17,18.04,32.88,-29.824898550724637,25.522057971014494,NA,NA,843152.8,1994,2006,13,13,94,228,FALSE,65,57,0.8769,Africa,NA
bt_78,bt,78,benthos,Benthos,Marine,Temperate,IOW Macrozoobenthos monitoring Baltic Sea (1980-2005) (EurOBIS),54.03,55.25,11.06,14.51,54.52733333333333,12.622666666666666,0.09999999999999999,NA,12665.2,1980,2004,20,25,4,12,FALSE,209,192,0.9187,NA,Baltic Sea
bt_84,bt,84,marine plants,Plants,Marine,Temperate,Macroalgae of the Crimean coastal zone (Black Sea. 1967-2007),44.4882,44.6314,33.3771,33.5977,44.5679537037037,33.46470185185185,1,NA,146,1967,2005,5,39,7,27,FALSE,97,95,0.9794,Europe,NA
bt_85,bt,85,marine invertebrates,Invertebrates,Marine,Temperate,North Sea observations of Crustacea. Polychaeta. Echinodermata. Mollusca and some other groups between 1986 and 2003,51.6169,55.3067,2.67917,6.31806,53.08312572614108,3.984373029045643,NA,NA,61485.9,1992,2003,11,12,58,95,FALSE,340,255,0.75,NA,North Sea
bt_86,bt,86,marine plants,Plants,Marine,Temperate,Phytoplankton of the Ukrainian Black Sea shelf (1985-2005),45.4667,46.6,29.8167,31.4167,46.20552967032967,30.795418681318683,NA,NA,8773.5,1986,1998,5,13,11,37,FALSE,193,136,0.7047,NA,Black Sea
bt_90,bt,90,marine invertebrates,Invertebrates,Marine,Temperate,Zooplankton in the Bay of Biscay (1995-2004. yearly DEPM surveys),43.4218,46.125,-4.2767,-1.4277,45.16971,-2.4645332,NA,NA,59094.5,1995,2004,3,10,51,132,FALSE,62,21,0.3387,NA,Bay of Biscay
bt_92,bt,92,benthos,Benthos,Marine,Polar,Benthos of the White Sea - A database,64.67,65.59,38.3,39.64,64.84458333333333,38.971875,0.25,NA,3359.6,1981,1991,4,11,5,23,FALSE,170,165,0.9706,NA,White Sea
bt_97,bt,97,marine invertebrates,Invertebrates,Marine,Polar,Archives of the Arctic Seas Zooplankton (ARC),50.3333,86.4833,-179.767,173.667,72.81345,176.667,NA,NA,5909071.5,1934,1955,2,22,182,183,FALSE,272,140,0.5147,NA,Arctic Ocean
bt_99,bt,99,fish,Fish,Marine,Tropical,CSIRO Marine Data Warehouse (OBIS Australia),-20.9267,-17.4133,114.794,119.069,-19.73063149764943,117.34937743451981,NA,NA,86562.4,1982,1997,10,16,101,337,FALSE,584,556,0.9521,NA,Indian Ocean
bt_108,bt,108,birds,Birds,Marine,Temperate,Seabirds of the Southern and South Indian Ocean (Australian Antarctic Data Centre),-69.71,-31.93,56.11,148.47,-57.872293182365695,99.21971043122139,NA,NA,22695462,1985,2005,10,21,1317,6112,FALSE,108,93,0.8611,NA,Indian Ocean
bt_110,bt,110,benthos,Benthos,Marine,Temperate,Marine Nature Conservation Review (MNCR) and associated benthic marine data held and managed by JNCC (EurOBIS),49.8147,60.7699,-7.19322,-0.903563,54.10704,-4.426256141414141,NA,NA,386393.9,1976,1995,13,20,36,107,FALSE,2466,1886,0.7648,NA,Irish Sea
bt_112,bt,112,fish,Fish,Marine,Temperate,NOAA Southeast Fishery Science Center (SEFSC) Commercial Pelagic Observer Program (POP) Data (SEFSC_POP),10.5,51.48,-97.26,-42.68,30.14206530555491,-78.17437162522306,NA,NA,17525478.6,1992,2005,14,14,6308,11208,FALSE,19,17,0.8947,NA,Atlantic Ocean
bt_113,bt,113,marine invertebrates,Invertebrates,Marine,Temperate,Southampton Oceanography Center Discovery Collections Midwater Database (collections from Discovery sailings - 1979 only year with furthest afield data),31.8633,60.2709,-35.9967,-0.891,40.865068484848486,-21.189134303030304,NA,NA,4948206.1,1971,1997,6,27,80,187,FALSE,929,674,0.7255,NA,Atlantic Ocean
bt_117,bt,117,marine invertebrates,Invertebrates,Marine,Temperate,South Western Pacific Regional OBIS Data Asteroid Subset (South Western Pacific OBIS),-52.01,-38.66,-179.96,179.98,-44.812748091603055,173.66165394402034,NA,NA,1542327.4,1963,2002,7,40,26,75,FALSE,64,57,0.8906,NA,Pacific Ocean
bt_119,bt,119,fish,Fish,Marine,Temperate,DFO Maritimes Research Vessel Trawl Surveys Fish Observations (OBIS Canada),41.497,47.18333,-67.82825,-57.104,43.788375966190344,-62.385187823853556,NA,NA,312849.9,1978,2009,32,32,182,608,FALSE,214,171,0.7991,NA,Atlantic Ocean
bt_121,bt,121,fish,Fish,Marine,Tropical,CRED Rapid Ecological Assessments of Fish Belt Transect Surveys and Fish Stationary Point Count Surveys in the Pacific Ocean 2000-2010 (OBIS-USA),-0.37374,28.4234,-178.331,-158.003,19.0618595,-167.61090000000002,NA,NA,5562945.6,2001,2010,6,10,7,17,FALSE,53,47,0.8868,NA,Pacific Ocean
bt_123,bt,123,fish,Fish,Marine,Temperate,Maine Department of Marine Resources Inshore Trawl Survey 2000?2009 (OBIS-USA),42.8524,44.7723,-70.8009,-66.9333,43.86359653349001,-69.0312330787309,NA,NA,21404.6,2000,2009,10,10,77,198,FALSE,144,127,0.8819,NA,Gulf of Maine
bt_125,bt,125,fish,Fish,Marine,Temperate,MARMAP Chevron Trap Survey 1990-2009 (OBIS-USA),29.84,34.61,-80.89,-76.09,32.478923512747876,-78.81691218130311,2.5500000000000003,NA,79561.1,1990,2000,9,11,95,153,FALSE,82,77,0.939,NA,Atlantic Ocean
bt_135,bt,135,fish,Fish,Marine,Tropical,Previous_fisheries_REVIZEE_Program (Tropical and Subtropical Western South Atlantic OBIS),-12.5833,-10.35,-37.9667,-36.1333,-10.757835897435898,-36.58632222222222,NA,NA,7148.3,1977,1986,3,10,30,67,FALSE,17,13,0.7647,NA,Atlantic Ocean
bt_147,bt,147,marine invertebrates,Invertebrates,Marine,Temperate,South Western Pacific Regional OBIS Data Bryozoan Subset (South Western Pacific OBIS),-47.35,-31.6,165.775,178.02,-39.397540322580646,172.84149731182796,NA,NA,922896.9,1961,1993,16,33,9,53,FALSE,439,371,0.8451,NA,Tasman Sea
bt_148,bt,148,fish,Fish,Marine,Temperate,South Western Pacific Regional OBIS Data provider for the NIWA Marine Biodata Information System (South Western Pacific OBIS),-53.9803,-33.8425,-179.997,179.998,-42.2483293902133,175.26576496863237,NA,NA,2263350.6,1981,2004,18,24,589,1921,FALSE,405,380,0.9383,NA,Pacific Ocean
bt_152,bt,152,marine invertebrates,Invertebrates,Marine,Temperate,CMarZ (Census of Marine Zooplankton)-Asia Database,37,51.4,-180,180,43.35757575757576,-179.56363636363636,NA,NA,503560.5,1979,1988,8,10,19,27,FALSE,17,12,0.7059,NA,Pacific Ocean
bt_162,bt,162,benthos,Benthos,Marine,Temperate,EPA'S EMAP Database,24.566,45.185,-97.705,-66.95,34.64678437843784,-81.53982453245324,0.044,NA,2491694.6,1991,2004,9,14,229,758,FALSE,2793,1389,0.4973,North America,NA
bt_163,bt,163,benthos,Benthos,Marine,Temperate,North Pacific Groundfish Observer (North Pacific Research Board),51.21,61.52,-179.5,179.83,56.67096153846154,-166.46780542986426,NA,NA,1995609.7,1993,2004,12,12,815,1035,FALSE,351,241,0.6866,NA,Bering Sea
bt_166,bt,166,all,Multiple taxa,Marine,Temperate,PIROP Northwest Atlantic 1965-1992 (SEAMAP),25.4833,79.7833,-94.8667,-40.35,47.07662124874815,-63.505927299098666,NA,NA,16697146.9,1969,1987,9,19,2066,3950,FALSE,133,101,0.7594,NA,Gulf of Saint Lawrence
bt_169,bt,169,all,Multiple taxa,Marine,Temperate,CalCOFI and NMFS Seabird and Marine Mammal Observation Data. 1987-2006 (SEAMAP),29.7721,40.0913,-126.474,-117.234,34.21596198286727,-120.93607125244297,900000,NA,883658.3,1987,2006,18,20,1269,4546,FALSE,182,152,0.8352,NA,Pacific Ocean
bt_172,bt,172,all,Multiple taxa,Marine,Temperate,POPA cetacean. seabird. and sea turtle sightings in the Azores area 1998-2009 (OBIS SEAMAP),34.9,40.5,-32.192,-21.6667,38.36119939910892,-27.77908722300387,NA,NA,427845.5,1998,2009,12,12,1521,4115,FALSE,46,33,0.7174,NA,Atlantic Ocean
bt_173,bt,173,marine invertebrates,Invertebrates,Marine,Temperate,Marine Biological Sample Database. JAMSTEC (OBIS_JAPAN),23.9084,44.8873,122.698,144.765,31.858908413001913,134.90346653919693,NA,NA,2653698.5,2000,2011,9,12,17,50,FALSE,518,139,0.2683,NA,Philippine Sea
bt_176,bt,176,marine invertebrates,Invertebrates,Marine,Temperate,Atlantic Zone Monitoring Program Maritimes Region (AZMP) plankton datasets. In Fisheries and Oceans Canada - BioChem archive (OBIS Canada),40.93,48.95,-69.32,-56.14,44.4622650379107,-62.38644532434709,0.442,NA,562428.4,1999,2010,12,12,89,160,FALSE,302,165,0.5464,NA,Atlantic Ocean
bt_178,bt,178,fish,Fish,Marine,Temperate,Pacific Shrimp Trawl Survey (OBIS Canada),48.06915,55.47165,-131.1792,-123.1293,50.18967380332987,-126.35221243496358,NA,NA,204004.9,1977,2007,14,31,174,610,FALSE,437,307,0.7025,North America,NA
bt_180,bt,180,fish,Fish,Marine,Temperate,ECNASAP - East Coast North America Strategic Assessment (OBIS Canada),32.65,55.14,-81.4,-43.72,45.4013903704422,-60.470373593871216,333360,NA,3667846.3,1970,1994,24,25,907,2458,FALSE,273,269,0.9853,NA,Atlantic Ocean
bt_182,bt,182,all,Multiple taxa,Marine,Temperate,Snow crab research trawl survey database (Southern Gulf of St. Lawrence. Gulf region. Canada) from 1988 to 2010 (OBIS Canada),45.9011,48.8781,-65.6408,-60.5326,47.52812299212599,-62.7356975,6420.267000000001,NA,71092.8,1990,2009,19,20,199,322,FALSE,33,32,0.9697,NA,Gulf of Saint Lawrence
bt_183,bt,183,marine invertebrates,Invertebrates,Marine,Temperate,DFO Maritimes Research Vessel Trawl Surveys Invertebrate Observations (OBIS Canada),41.0766,47.1781,-69.8868,-56.5898,43.86205247752938,-62.27861382807098,NA,NA,366196.4,1999,2011,13,13,158,546,FALSE,16,13,0.8125,NA,Atlantic Ocean
bt_187,bt,187,benthos,Benthos,Marine,Temperate,National Benthic Infaunal Database (NOAA NBI),24.322,48.99,-123.425,-70.226,37,-75,NA,NA,7653042.4,1997,2006,5,10,91,304,FALSE,2788,1645,0.59,NA,Atlantic Ocean
bt_189,bt,189,fish,Fish,Marine,Tropical,St. John. USVI Fish Assessment and Monitoring Data (2002 - Present) (NOAA-CCMA),18.2991,18.3736,-64.8005,-64.6588,18.338336789631107,-64.72153619142573,100,NA,91.2,2001,2010,9,10,49,127,FALSE,229,205,0.8952,South America,Caribbean Sea
bt_190,bt,190,fish,Fish,Marine,Tropical,St. Croix. USVI Fish Assessment and Monitoring Data (2002 - Present) (NOAA-CCMA),17.7568,17.8107,-64.645,-64.5909,17.783177236363635,-64.6192992,100,NA,30.6,2001,2010,10,10,72,188,FALSE,232,201,0.8664,NA,Caribbean Sea
bt_191,bt,191,marine invertebrates,Invertebrates,Marine,Temperate,NEFSC Benthic Database (OBIS-USA),38.3,45,-75.167,-64.85,41.65638387356014,-68.66872193945888,NA,NA,316334,1955,1968,11,14,104,719,FALSE,1380,809,0.5862,NA,Atlantic Ocean
bt_195,bt,195,birds,Birds,Terrestrial,Temperate,Breeding birds survey North America,26.3,54.0833,-124.4,-61.5667,40.23994054669704,-89.5625006833713,25427151.62,NA,11251127.1,1978,2007,30,30,404,436,FALSE,383,378,0.9869,North America,NA
bt_196,bt,196,benthos,Benthos,Marine,Polar,SOTEAG Rocky Shore Survey (Sullom Voe),60.3568,60.493,-1.3903,-1.24063,60.45463870967742,-1.3074329032258065,0.3,NA,49.5,1976,2012,35,37,15,28,FALSE,206,131,0.6359,Europe,NA
bt_200,bt,200,marine invertebrates,Invertebrates,Marine,Temperate,NEFSC Benthic Database (OBIS-USA),37.183,43.317,-74.25,-66.567,40.086969426751594,-72.25455159235669,NA,NA,273022.5,1962,1985,10,24,56,239,FALSE,1385,886,0.6397,NA,Atlantic Ocean
bt_204,bt,204,benthos,Benthos,Marine,Temperate,MACROBEL Long term trends in the macrobenthos of the Belgian Continental Shelf,51.09826,51.40939,2.437555,2.923611,51.249505110132155,2.634771991189427,0.103,NA,800.3,1977,1997,6,21,23,88,FALSE,206,155,0.7524,NA,North Sea
bt_213,bt,213,benthos,Benthos,Marine,Temperate,Northeast Fisheries Science Center Bottom Trawl Survey Data (OBIS-USA),34.6221,44.78333,-77.06667,-64.33334,40.487451186056184,-70.69790275624787,NA,NA,513547.8,1968,2008,41,41,507,1191,FALSE,965,678,0.7026,NA,Atlantic Ocean
bt_214,bt,214,terrestrial plants,Plants,Terrestrial,Temperate,Long-term growth mortality and regeneration of trees in permanent vegetation plots in the Pacific Northwest 1910 to present,42.15192,47.99045,-123.9929,-121.5377,45.28991693430657,-122.51496350364964,10000,NA,96127.4,1940,2009,42,70,14,75,FALSE,30,29,0.9667,North America,NA
bt_217,bt,217,birds,Birds,Terrestrial,Temperate,Landbird Monitoring Program (UMT-LBMP),44.08333,48.99887,-117.1309,-109.4647,47.003331785091,-113.84804407878335,NA,NA,230589.8,1994,2004,7,11,3173,5369,FALSE,234,205,0.8761,North America,NA
bt_229,bt,229,fish,Fish,Freshwater,Temperate,Upper Little Tennessee River Biomonitoring Program Database - LTWA Biomonitoring Database,34.97041,35.36319,-83.53843,-83.2676,35.17673529411765,-83.40966130718954,NA,NA,655.9,1990,2013,19,24,15,53,FALSE,66,61,0.9242,North America,NA
bt_232,bt,232,fish,Fish,Marine,Polar,Pelagic Fish Observations 1968-1999,-69.43833,-59.98333,51.91833,90.173330000000007,-66.1575357375,71.9307043625,NA,NA,1438106,1981,1993,7,13,50,244,FALSE,91,68,0.7473,NA,Southern Ocean
bt_237,bt,237,freshwater invertebrates,Invertebrates,Freshwater,Temperate,Madison Wisconsin Lakes Zooplankton 1976 - 1994 - old net,42.96075,43.09885,-89.40545,-89.24475,43.03279,-89.33282750000001,NA,NA,14.8,1976,1985,10,10,4,4,TRUE,77,54,0.7013,North America,NA
bt_247,bt,247,freshwater invertebrates,Invertebrates,Freshwater,Temperate,Zooplankton survey of Oneida Lake New York 1964 to present,43.17833,43.22111,-76.04444,-75.77083,43.19523,-75.910925,0.39999999999999997,NA,43.4,1975,2006,31,32,5,6,FALSE,28,18,0.6429,North America,NA
bt_252,bt,252,fish,Fish,Marine,Temperate,MARMAP Blackfish Trap Survey 1990-2009,31.67,33.49,-80.34,-78.23,32.62877906976744,-79.02813953488372,NA,NA,11225.3,1978,1989,11,12,24,59,FALSE,32,31,0.9688,NA,Atlantic Ocean
bt_253,bt,253,freshwater invertebrates,Invertebrates,Freshwater,Temperate,North Temperate Lakes LTER Zooplankton - Trout Lake Area 1982 - current,46.00275,46.04125,-89.701183,-89.606183,46.02113814285714,-89.64332842857144,NA,NA,24.3,1986,2014,29,29,7,7,TRUE,120,72,0.6,North America,NA
bt_271,bt,271,fish,Fish,Marine,Temperate,Santa Barbara Coastal LTER,34.391117,34.471767,-120.33355,-119.539317,34.42129637837838,-119.87428643243243,80,NA,195.1,2001,2014,14,14,33,37,FALSE,60,54,0.9,North America,NA
bt_272,bt,272,marine invertebrates,Invertebrates,Marine,Temperate,Santa Barbara Coastal LTER,34.044434,34.471817,-120.33349,-119.541693,34.35688690909091,-119.89226927272728,1,NA,1624.7,2004,2014,11,11,11,11,TRUE,36,32,0.8889,NA,Pacific Ocean
bt_273,bt,273,marine invertebrates,Invertebrates,Marine,Temperate,Santa Barbara Coastal LTER,34.04443,34.47182,-120.3335,-119.5417,34.35688727272727,-119.89227272727273,1,NA,1624.7,2004,2014,11,11,10,11,FALSE,24,20,0.8333,NA,Pacific Ocean
bt_274,bt,274,all,Multiple taxa,Marine,Temperate,Santa Barbara Coastal LTER,34.39112,34.47177,-120.3336,-119.5393,34.42189555555556,-119.87788888888889,40,NA,195.1,2001,2014,14,14,35,36,FALSE,130,80,0.6154,North America,NA
bt_278,bt,278,fish,Fish,Marine,Temperate,South Western Pacific Regional OBIS Data provider for the NIWA Marine Biodata Information System (South Western Pacific OBIS),-51.6334,-34.1763,-179.958,178.534,-41.07128194308145,174.68061629048086,NA,NA,1496936.3,1979,1990,7,12,203,573,FALSE,224,216,0.9643,NA,Cook Strait
bt_286,bt,286,fish,Fish,Marine,Temperate,Maine Department of Marine Resources Inshore Trawl Survey 2000?2009 (OBIS-USA),42.8524,44.7537,-70.7548,-66.9333,44.025741622574955,-68.64826666666667,NA,NA,20205.7,2000,2009,9,10,5,42,FALSE,27,18,0.6667,NA,Gulf of Maine
bt_288,bt,288,fish,Fish,Marine,Temperate,DFO Maritimes Research Vessel Trawl Surveys Fish Observations (OBIS Canada),41.5,47.183331,-67.828251,-57.10433,43.916466882995024,-62.381418454423596,NA,NA,312070.1,1972,1995,20,24,112,397,FALSE,173,142,0.8208,NA,Atlantic Ocean
bt_290,bt,290,fish,Fish,Marine,Temperate,CSIRO Marine Data Warehouse (OBIS Australia),-43.5417,-34.4167,144.342,151.85,-39.941238285714284,149.08692,NA,NA,287475.2,1978,1988,4,11,17,83,FALSE,172,170,0.9884,NA,Tasman Sea
bt_291,bt,291,fish,Fish,Marine,Temperate,CSIRO Marine Data Warehouse (OBIS Australia),-43.525,-16.3417,115.1,149.683,-30.783465432098765,132.86005349794237,NA,NA,2964423.6,1978,1988,2,11,100,143,FALSE,360,348,0.9667,Australia,NA
bt_292,bt,292,fish,Fish,Marine,Temperate,CSIRO Marine Data Warehouse (OBIS Australia),-43.5417,-39.2333,144.333,148.867,-41.962509375,147.3298125,NA,NA,107182.2,1978,1989,4,12,9,26,FALSE,99,98,0.9899,Australia,NA
bt_297,bt,297,marine invertebrates,Invertebrates,Marine,Tropical,MCR LTERCoral Reef Long-term Population and Community Dynamics Other Benthic Invertebrates. ongoing since 2005,-17.580114,-17.473362,-149.922302,-149.760898,-17.5173745,-149.82724233333334,NA,NA,121.3,2005,2015,11,11,6,6,TRUE,10,10,1,Australia,Pacific Ocean
bt_300,bt,300,terrestrial invertebrates,Invertebrates,Terrestrial,Temperate,Insect Populations via Sticky Traps at KBS-LTER (Kellogg Biological Station. MI),42.40615,42.414790000000004,-85.377313,-85.368173,42.41010535348837,-85.37134445581395,NA,NA,0.6,1989,2013,25,25,176,215,FALSE,21,14,0.6667,North America,NA
bt_304,bt,304,terrestrial plants,Plants,Terrestrial,Temperate,Cape of Good Hope Permanent Plots,-34.339806,-34.206832,18.374421,18.463356,-34.271377333333334,18.42391815873016,50,NA,63.7,1966,1996,2,31,63,63,TRUE,418,418,1,Africa,NA
bt_354,bt,354,marine plants,Plants,Marine,Temperate,A database of marine phytoplankton abundance biomass and species composition in Australian waters,-49.8613,-14.4994,104.0598,158.6145,-31.804271984435797,147.9374027237354,NA,NA,12945405.4,1998,2013,4,16,31,201,FALSE,356,177,0.4972,Australia,NA
bt_356,bt,356,terrestrial plants,Plants,Terrestrial,Tropical,Long-term stem inventory data from tropical rain forest plots in Australia,-17.54569,-16.13658,145.07139,145.83122,-16.910064374999997,145.473895,5000,NA,7026.6,1976,2012,21,37,6,15,FALSE,388,373,0.9613,Australia,NA
bt_359,bt,359,fish,Fish,Marine,Temperate,SBC LTER Reef Kelp Forest Community Dynamics Fish abundance,34.391632,34.471817,-120.33349,-119.541693,34.426119375,-119.92751275,2,NA,189,2001,2012,12,12,7,8,FALSE,51,46,0.902,NA,Pacific Ocean
bt_374,bt,374,birds,Birds,Marine,Temperate,Monitoring site 1000 Shorebird Survey,24.3421,45.4048,124.2403,145.3711,34.93301174820144,136.08031300719423,NA,NA,1201169.7,2004,2014,11,11,100,123,FALSE,63,61,0.9683,Asia,NA
bt_375,bt,375,terrestrial invertebrates,Invertebrates,Terrestrial,Temperate,Surface of the earth wandering beetles survey data,31.38,44.37,131.19,143.51,38.19241379310345,138.69793103448276,50,NA,419082.1,2004,2014,11,11,17,24,FALSE,163,115,0.7055,NA,Sea of Japan
bt_418,bt,418,fish,Fish,Marine,Tropical,Long-term Monitoring of the Great Barrier reef,-23.890883,-14.5264,145.3514,152.668567,-19.276091808163265,148.7676030612245,NA,NA,253610.4,1995,2014,16,20,110,149,FALSE,241,241,1,NA,Great Barrier Reef
bt_428,bt,428,fish,Fish,Marine,Temperate,Long term monitoring of fish abundances from coastal SKagerrak,58.06379,59.89143,7.768994,10.83622,58.90449883040936,9.489157046783626,NA,NA,10354.1,1936,2015,75,80,84,117,FALSE,58,49,0.8448,NA,Skagerrak
bt_430,bt,430,fish,Fish,Freshwater,Temperate,The New Zealand Freshwater Fish Database - Electric fishing - Backpack,-47.05019,-35.08132,166.5563,176.1725,-42.65465565421854,171.7188060165975,NA,NA,468174.9,1992,2016,22,25,158,587,FALSE,57,47,0.8246,Australia,NA
bt_431,bt,431,fish,Fish,Freshwater,Temperate,The New Zealand Freshwater Fish Database - Traps- Gee Minnow traps,-46.44209,-34.41888,169.1643,176.3755,-40.40532931372549,172.9759570261438,NA,NA,409672.5,1997,2011,13,15,50,144,FALSE,39,34,0.8718,NA,Tasman Sea
bt_432,bt,432,fish,Fish,Freshwater,Temperate,The New Zealand Freshwater Fish Database - Observation (Spotlighting visual),-43.63385,-36.76785,169.7331,177.9025,-40.05723022292994,174.13211549893842,NA,NA,216445.6,1998,2012,14,15,31,162,FALSE,30,25,0.8333,NA,Tasman Sea
bt_466,bt,466,fish,Fish,Marine,Temperate,Trawl Survey Data from Rockall Scotland (1986 - 2008),55.82,58.93,-15.25,-3.63,57.385566640316206,-10.534104822134386,5000000,NA,152359.4,1986,2008,20,23,45,129,FALSE,90,89,0.9889,NA,Atlantic Ocean
bt_467,bt,467,fish,Fish,Marine,Temperate,Spatial and temporal organisation of a coastal lagoon fish community,40.54906,40.85558,-8.75833,-8.62697,40.674167777777775,-8.689536666666667,NA,NA,188.5,1987,1999,4,13,9,9,TRUE,72,71,0.9861,Europe,NA
bt_468,bt,468,benthos,Benthos,Marine,Temperate,A multi-decade time series of kelp forest community structure at San Nicolas Island California.,33.21615,33.27325,-119.5802,-119.4441,33.24008142857143,-119.518,NA,NA,45.7,1986,2011,21,26,6,7,FALSE,119,73,0.6134,North America,Pacific Ocean
bt_469,bt,469,benthos,Benthos,Marine,Temperate,A multi-decade time series of kelp forest community structure at the California Channel Islands.,33.46293,34.06438,-120.3875,-119.0268,33.89929375,-119.6193625,NA,NA,3466.5,1982,2011,30,30,13,32,FALSE,38,37,0.9737,NA,Pacific Ocean
bt_499,bt,499,marine invertebrates,Invertebrates,Marine,Temperate,Macrobenthos monitoring at long-term monitoring stations in the Belgian part of the North Sea between 1979 and 1999,51.189,51.46,2.7,3.05,51.35225,2.9,300000,NA,383.7,1985,1999,9,15,4,4,TRUE,158,116,0.7342,NA,North Sea
bt_500,bt,500,marine invertebrates,Invertebrates,Marine,Temperate,Macrobenthos monitoring at long-term monitoring stations in the Belgian part of the North Sea from 2001 on,51.189,51.58,2.45,3.4,51.40576875,3.025524375,300000,NA,1629.7,2001,2012,11,12,10,15,FALSE,298,202,0.6779,NA,North Sea
bt_505,bt,505,all,Multiple taxa,Marine,Temperate,"Fish and marine invertebrates from the Israeli Eastern Mediterranean sea  1990-4, 2000, 2008-2012",31.8039,33.0839,34.60865,35.08518,32.48554444444444,34.87003333333333,445000000,NA,675.6,1991,2011,7,21,14,18,FALSE,188,164,0.8723,NA,Mediterranean Sea
bt_507,bt,507,fish,Fish,Marine,Temperate,Trawl fisheries in Israeli Mediterranean,31.601,32.53508,34.27208,34.81406,31.972028486842106,34.57150064849624,445000000,NA,2405.8,1988,2010,19,23,29,194,FALSE,41,32,0.7805,NA,Mediterranean Sea
bt_512,bt,512,terrestrial plants,Plants,Terrestrial,Temperate,The Hundt 2001 data - Rudolf Hundt,50.597608,51.648703,10.782824,13.052058,51.34006057142857,11.865274285714285,25,NA,7950.9,1964,1994,2,31,13,14,FALSE,144,136,0.9444,Europe,NA
bt_171,bt,171,mammals,Mammals,Marine,Temperate,Bahamas Marine Mammal Research Organisation Opportunistic Sightings (SEAMAP),24.8667,27.2092,-78.0983,-76.9034,26.180757520325205,-77.2736944105691,NA,NA,24839.2,1995,2007,13,13,82,289,FALSE,27,20,0.7407,NA,Atlantic Ocean
bt_516,bt,516,mammals,Mammals,Terrestrial,Tropical,A large-scale fragmentation experiment for Neotropical bats,-2.447695,-2.336515,-60.113215,-59.758385,-2.3908435833333335,-59.91215425,NA,NA,95.9,1997,2013,4,17,12,12,TRUE,41,41,1,South America,NA
bt_321,bt,321,mammals,Mammals,Terrestrial,Temperate,Small Mammal Exclosure Study. Jornada LTER.  SMES rodent trapping data,32.51433,32.596809,-106.862635,-106.768791,32.55493642950392,-106.81603643342036,500000,NA,7.1,1995,2007,13,13,226,583,FALSE,17,16,0.9412,North America,NA
bt_197,bt,197,fish,Fish,Marine,Temperate,Scottish West Coast Surveys - all species of fish (1985 - 2013),54.7513,60.0097,-10.2482,-4,57.35499947407964,-7.13352464312547,NA,NA,154359.8,1985,2013,28,29,33,121,FALSE,104,101,0.9712,NA,Sea of the Hebrides
bt_198,bt,198,fish,Fish,Marine,Temperate,Baltic international demersal trawl surveys,54.0667,58.55,9.7233,21.2467,55.5109572130951,15.798538913538794,NA,NA,289891.2,1991,2013,22,23,281,510,FALSE,58,55,0.9483,NA,Baltic Sea
bt_206,bt,206,fish,Fish,Marine,Temperate,Northern Irish Ground Fish Trawl Survey,50.2233,54.7983,-6.35,-2.9417,52.779849188514355,-4.504535642946317,NA,NA,93276.6,1993,2008,16,16,92,130,FALSE,115,107,0.9304,NA,Irish Sea
bt_208,bt,208,fish,Fish,Marine,Temperate,ICES French Southern Atlantic Bottom Trawl Survey for commercial fish species. ICES Database of trawl surveys (DATRAS),43.691,51.8027,-11.3465,-1.4428,48.252941166803616,-6.436937797863599,NA,NA,321082.4,1997,2007,11,11,94,125,FALSE,189,181,0.9577,NA,Atlantic Ocean
bt_209,bt,209,fish,Fish,Marine,Temperate,ICES Beam Trawl Survey for commercial fish species. ICES Database of trawl surveys (DATRAS) -UK,48.965,58.3337,-2.6317,8.2333,52.69321558628637,2.6828265917603,NA,NA,473384.4,1991,2007,17,17,171,271,FALSE,144,129,0.8958,NA,North Sea
bt_210,bt,210,fish,Fish,Marine,Temperate,ICES North Sea International Bottom Trawl Survey for commercial fish species. ICES Database of trawl surveys (DATRAS),51.0333,61.8833,-3.8333,12.6667,56.486439429471474,3.384900437521876,NA,NA,707690.8,1975,2011,37,37,310,1172,FALSE,247,185,0.749,NA,North Sea
bt_215,bt,215,birds,Birds,Terrestrial,Temperate,Hawk Migration Association of North America (HMANA),35.63333,48.3,-92.03194,-68.21667,41.2442574789916,-76.6029512605042,NA,NA,1788792.3,1985,2008,22,24,14,85,FALSE,17,16,0.9412,North America,NA
bt_219,bt,219,amphibians,Amphibians and reptiles,Terrestrial,Temperate,Marsh Monitoring Program - Amphibian Surveys,40.621,48.8478,-92.4102,-74.3819,43.62921913580247,-80.65209176954733,15707.965,NA,843786.8,1995,2011,17,17,114,301,FALSE,13,11,0.8462,North America,NA
bt_220,bt,220,birds,Birds,Terrestrial,Temperate,Marsh Monitoring Program - Bird Surveys,40.4143,47.7254,-89.4106,-70.1751,43.92171238600212,-79.3297360233298,15707.965,NA,915294.8,1995,2011,14,17,153,340,FALSE,182,180,0.989,North America,NA
bt_244,bt,244,birds,Birds,Marine,Temperate,British Columbia Coastal Waterbirds Survey,48.31282,50.78752,-127.1116,-122.7932,49.24321207964602,-123.84333451327434,785398.25,NA,45459.3,1999,2012,14,14,122,196,FALSE,163,142,0.8712,NA,Salish Sea
bt_256,bt,256,fish,Fish,Marine,Temperate,ICES Beam Trawl Survey for commercial fish species. ICES Database of trawl surveys (DATRAS) - The Netherlands,51.6213,58.4032,-3.3166,8.1658,54.707121896280775,3.9610452592980616,NA,NA,342195.4,1996,2009,14,14,113,155,FALSE,108,100,0.9259,NA,North Sea
bt_309,bt,309,terrestrial invertebrates,Invertebrates,Terrestrial,Temperate,Monitoring the Abundance of Butterflies 1976-1985,50.59712,53.35453,-4.143852,1.634184,51.761065333333335,-0.9164160333333333,25,NA,94445.5,1976,1985,10,10,26,30,FALSE,43,43,1,Europe,NA
bt_331,bt,331,terrestrial plants,Plants,Terrestrial,Temperate,Vegetation Data - post harvest,45.85457,46.38007,-122.0468,-121.5746,46.06275692622951,-121.77265102459016,130000,NA,946.6,1998,2009,4,12,123,452,FALSE,42,35,0.8333,North America,NA
bt_525,bt,525,terrestrial plants,Plants,Freshwater,Tropical,1980s-2010s: The world's largest mangrove ecosystem is becoming homogeneous,21.77732,22.44203,89.0943,89.86369,22.103721272727274,89.491886,NA,NA,4397.8,1986,2014,4,29,110,110,TRUE,25,25,1,NA,Bay of Bengal
bt_527,bt,527,all,Multiple taxa,Marine,Temperate,CWS-EC Eastern Canada Seabirds at Sea (ECSAS),33.59,73.8,-75.03,-26.5,49.95231406592972,-56.29768019933161,NA,NA,10510940.9,2006,2015,10,10,1853,9041,FALSE,126,95,0.754,North America,NA
ft_1,ft,1,fish,Fish,Freshwater,Temperate,NA,41.23651989,42.33616214,1.138923,3.082749,41.97730351777778,2.2085189555555553,NA,NA,8868.4,2003,2017,3,15,27,45,FALSE,27,27,1,Europe,NA
ft_2,ft,2,fish,Fish,Freshwater,Tropical,NA,-20.71771,-19.97309,-51.0495,-49.71044,-20.38034842105263,-50.36889868421053,NA,NA,7622.9,2003,2013,2,11,38,38,TRUE,53,53,1,South America,NA
ft_4,ft,4,fish,Fish,Freshwater,Temperate,NA,46.49488,46.92735,16.42968,17.84632,46.757040810810814,17.25713243243243,NA,NA,3161.6,2007,2018,11,12,30,37,FALSE,41,41,1,Europe,NA
ft_5,ft,5,fish,Fish,Freshwater,Temperate,NA,39.80869,39.86131,-86.9599,-86.87111,39.8351075,-86.92465250000001,NA,NA,6.6,1981,2002,21,22,8,8,TRUE,57,57,1,North America,NA
ft_6,ft,6,fish,Fish,Freshwater,Temperate,NA,-28.31903,-26.05719,151.9771,153.4148,-27.44175136,152.8165552,NA,NA,23465.4,2003,2018,16,16,69,125,FALSE,53,53,1,Australia,NA
ft_7,ft,7,fish,Fish,Freshwater,Polar,NA,60.48918,65.8079,21.50644,29.4046,62.36187622807017,26.091645131578947,NA,NA,155669.2,1999,2017,16,19,51,127,FALSE,28,28,1,Europe,NA
ft_9,ft,9,fish,Fish,Freshwater,Temperate,NA,38.4353,38.4923,-96.5843,-96.5484,38.457375,-96.567075,NA,NA,3.6,2008,2018,9,11,4,4,TRUE,27,27,1,North America,NA
ft_10,ft,10,fish,Fish,Freshwater,Temperate,NA,32.95343,33.72942,-108.9067,-108.1244,33.302548333333334,-108.47503333333333,NA,NA,3095.4,1988,2018,28,31,5,6,FALSE,22,22,1,North America,NA
ft_11,ft,11,fish,Fish,Freshwater,Temperate,NA,32.9434,33.72732,-108.9106,-108.1366,33.29700666666667,-108.47794999999999,NA,NA,3087.8,1988,2005,16,18,5,6,FALSE,20,20,1,North America,NA
ft_14,ft,14,fish,Fish,Freshwater,Temperate,NA,41.54253,45.40783,140.009,143.143,43.080512666666664,141.23906666666667,NA,NA,61130,1999,2014,14,16,13,27,FALSE,20,20,1,Asia,NA
ft_15,ft,15,fish,Fish,Freshwater,Temperate,NA,40.93835,43.48395,-95.95711,-90.23185,42.37927356060606,-92.75032666666667,NA,NA,111661.5,2001,2017,5,17,37,58,FALSE,93,93,1,North America,NA
ft_16,ft,16,fish,Fish,Freshwater,Temperate,NA,45.44492,46.01739,11.688821,12.495443,45.691292775,12.0315874,NA,NA,2370.5,1991,2008,2,18,26,35,FALSE,34,34,1,Europe,NA
ft_17,ft,17,fish,Fish,Freshwater,Tropical,NA,7.711156,10.374198,-7.070912,-3.924315,8.8664175,-5.49968475,NA,NA,42175.7,1975,1986,12,12,4,4,TRUE,55,55,1,Africa,NA
ft_18,ft,18,fish,Fish,Freshwater,Temperate,NA,34.249,34.68294,-95.60604,-94.65362,34.541996250000004,-95.188185,NA,NA,1522.9,1977,1988,6,12,4,7,FALSE,57,57,1,North America,NA
ft_21,ft,21,fish,Fish,Freshwater,Temperate,NA,37.24652,44.38792,-92.0354,-89.43107,41.23108,-90.58906074074073,NA,NA,54514.9,1993,2018,26,26,24,27,FALSE,115,115,1,North America,NA
ft_20,ft,20,fish,Fish,Freshwater,Temperate,NA,34.98152,35.33716,-83.53485,-83.28991,35.166378461538464,-83.40710358974358,NA,NA,441.5,1995,2013,15,19,13,18,FALSE,56,56,1,North America,NA
ft_23,ft,23,fish,Fish,Freshwater,Temperate,NA,-36.6622,-27.14816,139.3097,151.9213,-32.726203636363635,146.26276181818181,NA,NA,728967.5,2005,2019,8,15,23,48,FALSE,30,30,1,Australia,NA
ft_24,ft,24,fish,Fish,Freshwater,Temperate,NA,43.57398,48.40512,-95.54245,-91.85515,45.961051562499996,-93.573829375,NA,NA,116295.4,2008,2018,3,11,14,22,FALSE,80,80,1,North America,NA
ft_25,ft,25,fish,Fish,Freshwater,Temperate,NA,46.68098,47.11073,-113.7158,-112.5385,46.966357464788736,-113.07682535211268,NA,NA,2833.7,1989,2009,12,21,11,36,FALSE,10,10,1,North America,NA
ft_26,ft,26,fish,Fish,Freshwater,Temperate,NA,32.03389,47.31232,-123.06955,-72.6687,40.358806,-97.721638,NA,NA,5304211.1,2002,2015,11,14,19,42,FALSE,217,217,1,North America,NA
ft_27,ft,27,fish,Fish,Freshwater,Temperate,NA,50.05228,55.62104,-5.665376466,1.613257935,52.639657229265715,-2.1387343925034337,NA,NA,182818.2,1993,2018,24,26,545,1586,FALSE,43,43,1,Europe,NA
ft_28,ft,28,fish,Fish,Freshwater,Temperate,NA,34.82972,36.55786,-82.14647,-79.40411,35.85033045454546,-80.40757850649351,NA,NA,36713.1,1996,2016,7,21,33,90,FALSE,123,123,1,North America,NA
ft_29,ft,29,fish,Fish,Freshwater,Tropical,NA,-19.44598,-19.12614,-47.05165,-46.89022,-19.230486,-47.00076,NA,NA,87.2,2009,2019,3,11,5,5,TRUE,19,19,1,South America,NA
ft_30,ft,30,fish,Fish,Freshwater,Temperate,NA,33.879,36.852,-99.509,-95.639,35.372473684210526,-97.6102105263158,NA,NA,90235.6,1979,1994,15,16,16,19,FALSE,83,83,1,North America,NA
ft_32,ft,32,fish,Fish,Freshwater,Temperate,NA,42.42951,50.94448,-1.925462211,7.862705641,47.076960448113205,3.312846543251179,NA,NA,525136.9,1994,2017,24,24,227,543,FALSE,74,74,1,Europe,NA
ft_34,ft,34,fish,Fish,Freshwater,Temperate,NA,42.69162,43.40675,-3.121169,-1.729423,43.13563824742268,-2.5600089896907217,NA,NA,6266.5,2002,2018,17,17,55,92,FALSE,28,28,1,Europe,NA
ft_36,ft,36,fish,Fish,Freshwater,Temperate,NA,32.84051,33.93357,-104.3986,-104.2746,33.50421272727273,-104.33222727272727,NA,NA,619.1,1992,2018,20,27,8,11,FALSE,30,30,1,North America,NA
ft_37,ft,37,fish,Fish,Freshwater,Temperate,NA,-29.691770000000002,-29.50424,-50.31666,-50.20428,-29.57496181818182,-50.26146045454546,NA,NA,169.1,1999,2012,2,14,22,22,TRUE,20,17,0.85,South America,NA
ft_39,ft,39,fish,Fish,Freshwater,Temperate,NA,43.5844,43.9945,-79.541,-79.0052,43.85313636363637,-79.21273818181818,NA,NA,938.8,2003,2015,5,13,47,52,FALSE,48,48,1,North America,NA
ft_42,ft,42,fish,Fish,Freshwater,Polar,NA,55.44412,68.38496,11.23765,24.11315,60.05687993411928,15.429221588072123,NA,NA,476042.7,1989,2018,30,30,487,1286,FALSE,36,36,1,Europe,NA
ft_41,ft,41,fish,Fish,Freshwater,Temperate,NA,31.43699,32.88421,-110.5846,-110.1074,32.01716833333334,-110.26718333333334,NA,NA,1415.3,1990,2000,11,11,6,6,TRUE,15,15,1,North America,NA
ft_43,ft,43,fish,Fish,Freshwater,Temperate,NA,41.67996,41.7516,2.399272,2.467521,41.72123625,2.4265858750000002,NA,NA,1.6,2001,2017,17,17,6,8,FALSE,11,11,1,Europe,NA
ft_45,ft,45,fish,Fish,Freshwater,Temperate,NA,34.86167,34.90562,-112.3932,-112.078,34.884272857142854,-112.2515,NA,NA,71.4,1995,2008,12,14,7,7,TRUE,16,16,1,North America,NA
ft_46,ft,46,fish,Fish,Freshwater,Temperate,NA,50.71576,51.46388,3.49222,5.83295,50.95170816326531,4.8240476020408165,NA,NA,9588.1,2001,2012,7,12,41,64,FALSE,40,40,1,Europe,NA
ic_79,ic,79,invertebrates,Invertebrates,Terrestrial,Temperate,GPDD 79 UK butterflies,50.58333,52.58333,-4.16666667,0.86666667,51.76794769230769,-1.197435896923077,NA,NA,47325.7,1976,1985,9,10,11,13,FALSE,37,37,1,Europe,NA
ic_502,ic,502,invertebrates,Invertebrates,Terrestrial,Temperate,GPDD 502 UK Aphids,50.25,57.53333,-5.25,0.88333333,53.03005928571429,-2.117261905714286,NA,NA,167554.3,1971,1988,18,18,13,14,FALSE,29,22,0.7586,Europe,NA
ic_1102,ic,1102,invertebrates,Invertebrates,Terrestrial,Temperate,Netherlands ground beetles,52.77986,52.80119,6.41288,6.58705,52.78912984210526,6.462111,NA,NA,14.1,1965,2008,12,44,5,13,FALSE,134,134,1,Europe,NA
ic_1340,ic,1340,invertebrates,Invertebrates,Terrestrial,Temperate,Hungary moths,46.18783333,48.05419444,16.55,21.26666667,47.201277777142856,19.363396827142857,NA,NA,43344.3,1969,2001,4,33,7,7,TRUE,767,758,0.9883,Europe,NA
ic_1367,ic,1367,invertebrates,Invertebrates,Terrestrial,Temperate,Italy ground beetles,46.29670833,46.29670833,11.78739444,11.78739444,46.29670833,11.78739444,NA,NA,10,1980,2008,2,29,6,6,TRUE,36,36,1,Europe,NA
ic_1408,ic,1408,invertebrates,Invertebrates,Freshwater,Polar,Finland freshwater,66.5,66.5,29,29,66.5,29,NA,NA,350,2000,2013,14,14,23,23,TRUE,75,73,0.9733,Europe,NA
ic_1444,ic,1444,invertebrates,Invertebrates,Freshwater,Temperate,New Zealand freshwater monitoring,-46.389447,-37.414755,167.6854,177.6375,-41.614856810344826,173.54496896551723,NA,NA,223528,1989,2008,17,20,19,49,FALSE,24,23,0.9583,Australia,NA
ic_1474,ic,1474,invertebrates,Invertebrates,Terrestrial,Temperate,Germany Marchand Schuch,52.4845803,52.5456498,9.0715528,9.1238880000000009,52.512026444444444,9.099162822222223,NA,NA,14.2,1951,2009,2,59,9,9,TRUE,191,189,0.9895,Europe,NA
ic_1475,ic,1475,invertebrates,Invertebrates,Terrestrial,Temperate,Germany Schiemenz Schuch ,51.137609,53.238218,11.783225,14.389833,52.034700199999996,13.5767207,NA,NA,14521,1964,2009,2,46,10,10,TRUE,106,104,0.9811,Europe,NA
ic_1488,ic,1488,invertebrates,Invertebrates,Freshwater,Temperate,Sweden freshwater,55.89745113,67.76318579,11.13815342,23.47123593,58.55887356958042,13.423738531818183,NA,NA,300530.4,2006,2019,13,14,46,111,FALSE,294,288,0.9796,Europe,NA
ic_1533,ic,1533,invertebrates,Invertebrates,Terrestrial,Temperate,Brazil bees Pereira,-25.42310989,-25.41938035,-49.31407585,-49.30844913,-25.421840535999998,-49.3116200285,NA,NA,0.1,1955,2018,2,64,20,20,TRUE,27,16,0.5926,South America,NA
ic_1542,ic,1542,invertebrates,Invertebrates,Freshwater,Temperate,England freshwater,52.52151981,54.90089251,-3.5362833,-0.37817002,53.52276317971429,-1.4694945872142857,NA,NA,30649.6,2002,2018,17,17,60,176,FALSE,477,473,0.9916,Europe,NA
ic_1547,ic,1547,invertebrates,Invertebrates,Terrestrial,Temperate,korea moths,35.2767222,35.3758611,127.4783889,127.6352222,35.317328700000004,127.55052315,NA,NA,48.5,2006,2017,8,12,6,6,TRUE,899,751,0.8354,Asia,NA
ic_sfd_1,ic,sfd_1,invertebrates,Invertebrates,Freshwater,Temperate,Chicago_mosquito,41.2,42.52,-95.92,-87.792,41.7492025,-91.2823575,NA,NA,49690.5,1980,2016,37,37,17,27,FALSE,53,49,0.9245,North America,NA
ic_sfd_2,ic,sfd_2,invertebrates,Invertebrates,Terrestrial,Temperate,enc_beetle,50.781933333333335,55.48985277777778,-6.078127777777778,-0.8632166666666666,52.529159848484845,-2.537382575757576,NA,NA,112614.1,1994,2012,13,19,14,22,FALSE,120,112,0.9333,Europe,NA
ic_sfd_3,ic,sfd_3,invertebrates,Invertebrates,Terrestrial,Temperate,enc_butterfly,50.781933333333335,56.90926666666667,-6.078127777777778,-0.3726833333333333,53.39083257575758,-2.3344363636363634,NA,NA,150616.2,1994,2011,17,18,7,11,FALSE,44,42,0.9545,Europe,NA
ic_sfd_4,ic,sfd_4,invertebrates,Invertebrates,Terrestrial,Temperate,enc_moth,50.781933333333335,55.48985277777778,-6.078127777777778,-0.3726833333333333,52.68409722222222,-2.1449876543209876,NA,NA,123878.9,1993,2012,18,20,6,9,FALSE,413,403,0.9758,Europe,NA
ic_sfd_5,ic,sfd_5,invertebrates,Invertebrates,Freshwater,Temperate,IdahoAda_mosquito,43.4904,43.7246,-116.493,-116.241,43.63988333333333,-116.36829166666666,NA,NA,429.4,2007,2019,13,13,12,22,FALSE,16,16,1,North America,NA
ic_sfd_6,ic,sfd_6,invertebrates,Invertebrates,Freshwater,Temperate,Indiana_mosquito,39.6394,39.8949,-86.3226,-85.9762,39.81189166666667,-86.13261666666666,NA,NA,644.5,2008,2019,12,12,12,12,TRUE,31,29,0.9355,North America,NA
ic_sfd_7,ic,sfd_7,invertebrates,Invertebrates,Freshwater,Temperate,LeeFlorida_mosquito,26.3348,26.7208,-81.9783,-81.6029,26.567144444444445,-81.83671666666666,NA,NA,879.5,2008,2018,10,11,17,18,FALSE,29,19,0.6552,North America,NA
ic_sfd_8,ic,sfd_8,invertebrates,Invertebrates,Freshwater,Temperate,Manatee_mosquito,27.273,27.6405,-82.6574,-82.0981,27.493738636363638,-82.41045227272727,NA,NA,1592.8,2007,2020,9,14,37,44,FALSE,47,38,0.8085,North America,NA
ic_sfd_9,ic,sfd_9,invertebrates,Invertebrates,Freshwater,Temperate,Virginia_mosquito,36.596,36.875,-76.87,-76.445,36.76790909090909,-76.56454545454545,NA,NA,390.9,2008,2018,11,11,18,22,FALSE,38,38,1,North America,NA
mr_sfd_1,mr,sfd_1,fish,Fish,Marine,Tropical,amesbury_1999_Gawel transects,13.4225082397461,13.4225082397461,144.675659179688,144.675659179688,13.4225082397461,144.675659179688,100,0,4.054950134844,1974,1999,2,26,4,4,TRUE,175,156,0.8914,Australia,NA
mr_sfd_7,mr,sfd_7,marine plants,Plants,Marine,Temperate,anderson_2019b_Wizard,48.8581962585449,48.8581962585449,-125.15860748291,-125.15860748291,48.8581962585449,-125.15860748291,0.3125,0,0.0173,1997,2007,3,11,5,5,TRUE,25,15,0.6,NA,Pacific Ocean
mr_sfd_8,mr,sfd_8,herpetofauna,Amphibians and reptiles,Terrestrial,Temperate,"arntzen_2017_Western Pas de Calais, France",50.7700004577637,50.7700004577637,1.94599997997284,1.94599997997284,50.7700004577637,1.94599997997284,100,0,300,1975,1992,2,18,66,66,TRUE,12,12,1,Europe,NA
mr_sfd_10,mr,sfd_10,fish,Fish,Marine,Tropical,beldade_2015_Mataiva,-14.9166669845581,-14.9166669845581,-148.600006103516,-148.600006103516,-14.9166669845581,-148.600006103516,250,0,50,1981,2012,2,32,13,13,TRUE,87,75,0.8621,NA,Pacific Ocean
mr_sfd_11,mr,sfd_11,invertebrates,Invertebrates,Freshwater,Temperate,burlakova_2021_Lake Ontario,43.2714004516602,44.1408348083496,-79.5305557250977,-76.4075012207031,43.58277630805969,-77.97426144282025,0.09478125,0.0480668313835572,18960,1990,2018,4,29,20,41,FALSE,75,28,0.3733,North America,NA
mr_sfd_12,mr,sfd_12,fish,Fish,Freshwater,Temperate,cazelles_2019_Ontario,49.25,49.25,-84.5,-84.5,49.25,-84.5,17663601.02874392,31186653.87450518,1076395,1982,2012,2,31,544,544,TRUE,99,81,0.8182,North America,NA
mr_sfd_13,mr,sfd_13,fish,Fish,Freshwater,Temperate,cervantes-yoshida_2015_Alameda Creek Watershed,37.5633316040039,37.5633316040039,-122.130836486816,-122.130836486816,37.5633316040039,-122.130836486816,100,0,1800,1996,2009,2,14,32,32,TRUE,16,16,1,North America,NA
mr_sfd_14,mr,sfd_14,invertebrates,Invertebrates,Terrestrial,Tropical,"chen_2010_Mount Kinabalu, Sabah, Borneo",6.050950050354,6.06581497192383,116.522262573242,116.555740356445,6.062002611160278,116.5374008178712,706.858347057704,0,1.96968805288887,1965,2007,2,43,9,9,TRUE,208,112,0.5385,Asia,NA
mr_sfd_15,mr,sfd_15,plants,Plants,Terrestrial,Temperate,"christensen_2021_Jornada Experimental Range, USA",32.6166648864746,32.6166648864746,-106.75,-106.75,32.6166648864746,-106.75,1,0,302,1927,2016,17,90,73,80,FALSE,183,137,0.7486,North America,NA
mr_sfd_16,mr,sfd_16,plants,Plants,Terrestrial,Temperate,closset-kopp_2018_Compiegne Forest,49.3800010681152,49.3800010681152,2.88333344459534,2.88333344459534,49.3800010681152,2.88333344459534,800,0,144.14,1970,2015,2,46,5,5,TRUE,226,217,0.9602,Europe,NA
mr_sfd_18,mr,sfd_18,invertebrates,Invertebrates,Freshwater,Temperate,countryside_survey_invertebrates_2017_Scotland,57,57,-4,-4,57,-4,1000000,0,77933,1990,2007,3,18,159,160,FALSE,453,308,0.6799,Europe,NA
mr_sfd_17,mr,sfd_17,invertebrates,Invertebrates,Freshwater,Temperate,countryside_survey_invertebrates_2017_England,53,53,-1,-1,53,-1,1000000,0,130279,1998,2007,2,10,135,136,FALSE,516,351,0.6802,Europe,NA
mr_sfd_19,mr,sfd_19,invertebrates,Invertebrates,Freshwater,Temperate,countryside_survey_invertebrates_2017_Wales,52.2999992370606,52.2999992370606,-3.59999990463257,-3.59999990463257,52.2999992370606,-3.59999990463257,1000000,0,20779,1998,2007,2,10,37,37,TRUE,260,180,0.6923,Europe,NA
mr_sfd_20,mr,sfd_20,plants,Plants,Freshwater,Temperate,countryside_survey_macrophytes_2017_England,53,53,-1,-1,53,-1,1000000,0,130279,1998,2007,2,10,104,123,FALSE,118,107,0.9068,Europe,NA
mr_sfd_21,mr,sfd_21,plants,Plants,Freshwater,Temperate,countryside_survey_macrophytes_2017_Scotland,57,57,-4,-4,57,-4,1000000,0,77933,1998,2007,2,10,147,158,FALSE,138,126,0.913,Europe,NA
mr_sfd_22,mr,sfd_22,plants,Plants,Freshwater,Temperate,countryside_survey_macrophytes_2017_Wales,52.2999992370606,52.2999992370606,-3.59999990463257,-3.59999990463257,52.2999992370606,-3.59999990463257,1000000,0,20779,1998,2007,2,10,28,28,TRUE,69,59,0.8551,Europe,NA
mr_sfd_24,mr,sfd_24,plants,Plants,Terrestrial,Temperate,countryside_survey_plants_2017_Scotland,57,57,-4,-4,57,-4,1000000,0,77933,1990,2007,3,18,185,185,TRUE,918,725,0.7898,Europe,NA
mr_sfd_23,mr,sfd_23,plants,Plants,Terrestrial,Temperate,countryside_survey_plants_2017_England,53,53,-1,-1,53,-1,1000000,0,130279,1990,2007,3,18,249,286,FALSE,1140,904,0.793,Europe,NA
mr_sfd_25,mr,sfd_25,plants,Plants,Terrestrial,Temperate,countryside_survey_plants_2017_Wales,52.2999992370606,52.2999992370606,-3.59999990463257,-3.59999990463257,52.2999992370606,-3.59999990463257,1000000,0,20779,1998,2007,2,10,60,60,TRUE,652,525,0.8052,Europe,NA
mr_sfd_27,mr,sfd_27,birds,Birds,Terrestrial,Temperate,dugan_2021a_Santa Barbara Coastal LTER,34.4030494689941,34.4704666137695,-120.118614196777,-119.551582336426,34.42041854858396,-119.8259628295898,100000,0,6,2009,2019,10,11,5,5,TRUE,106,100,0.9434,North America,NA
mr_sfd_30,mr,sfd_30,invertebrates,Invertebrates,Marine,Temperate,ellingsen_2018_Ekofisk-region,56.0400009155273,57.1500015258789,2.5,3.82999992370605,56.679999958385125,3.100000013004648,0.1,0,5249.59015866718,1996,2011,6,16,10,11,FALSE,314,247,0.7866,NA,North Sea
mr_sfd_31,mr,sfd_31,birds,Birds,Terrestrial,Temperate,gaget_2021_Allier,44.5687828063965,46.9245452880859,3.03363299369812,3.89753890037537,45.71786041259766,3.412141336335076,7853.98163397448,0,4150,1991,2006,3,16,90,90,TRUE,103,102,0.9903,Europe,NA
mr_sfd_33,mr,sfd_33,birds,Birds,Terrestrial,Temperate,gaget_2021_Loire,44.7708320617676,47.8997344970703,-2.17010307312012,4.2647271156311,46.64022004483927,2.2620388315332063,7853.98163397448,0,10180,1990,2011,4,22,198,198,TRUE,112,111,0.9911,Europe,NA
mr_sfd_32,mr,sfd_32,birds,Birds,Terrestrial,Temperate,gaget_2021_Doubs,46.9126243591309,46.9394340515137,5.15587186813355,5.31089591979981,46.92822122573853,5.233538180589677,7853.98163397448,0,500,1993,2009,7,17,16,16,TRUE,77,76,0.987,Europe,NA
mr_sfd_34,mr,sfd_34,invertebrates,Invertebrates,Terrestrial,Temperate,gibb_2019_Main Camp area of the Ethabuka Reserve,-23.7666664123535,-23.7666664123535,138.466659545898,138.466659545898,-23.7666664123535,138.466659545898,0.00785398163397448,0,314.159265358979,1992,2013,5,22,5,6,FALSE,66,13,0.197,Australia,NA
mr_sfd_36,mr,sfd_36,fish,Fish,Marine,Temperate,"green_2021_Vancouver Island, Canada",48.7376861572266,48.7376861572266,-125.118644714355,-125.118644714355,48.7376861572266,-125.118644714355,12.87,13.280388548532757,0.0012,1974,2015,7,42,6,6,TRUE,24,21,0.875,NA,Pacific Ocean
mr_sfd_37,mr,sfd_37,plants,Plants,Terrestrial,Temperate,larkin_2015_Illinois,41.5,41.5,-88.5,-88.5,41.5,-88.5,4.75,0,37499.25,1976,2001,2,26,41,41,TRUE,422,350,0.8294,North America,NA
mr_sfd_38,mr,sfd_38,plants,Plants,Terrestrial,Temperate,lelli_2020_Northern Apennines,43.6900825500488,44.2075805664063,11.3626899719238,12.2318420410156,43.919799284501515,11.78336412256414,40,0,1555.94521851425,1960,2018,2,59,22,22,TRUE,317,314,0.9905,Europe,NA
mr_sfd_39,mr,sfd_39,plants,Plants,Freshwater,Polar,lindholm_2019_Kokem√§enjoki watershed,61.2907371520996,61.5106430053711,23.6006641387939,24.1072425842285,61.419717011628336,23.846524768405487,398777.3508177778,555841.5405050758,27100,1950,2017,5,68,27,27,TRUE,66,66,1,Europe,NA
mr_sfd_40,mr,sfd_40,fish,Fish,Freshwater,Tropical,magalhaes_2020_Muriae Ornamental Aquaculture Center,-21.0230560302734,-20.8957500457764,-42.3676376342773,-42.2812232971191,-20.95984992980958,-42.32432785034178,400,0,61.6955631411553,2005,2015,2,11,5,5,TRUE,47,45,0.9574,South America,NA
mr_sfd_43,mr,sfd_43,fish,Fish,Freshwater,Temperate,matthews_2016_Piney Creek,36.0655097961426,36.2269096374512,-92.0844955444336,-91.9658355712891,36.137714068094894,-92.0428015391032,2500,0,140.159463727514,1972,2012,6,41,12,12,TRUE,45,43,0.9556,North America,NA
mr_sfd_45,mr,sfd_45,invertebrates,Invertebrates,Freshwater,Temperate,mushet_2017_Cottonwood Lake Study Area,47.0956993103027,47.1022987365723,-99.1044998168945,-99.0915985107422,47.0988998413086,-99.09792872837612,NA,NA,1.74736588743544,1993,2015,20,23,5,12,FALSE,142,32,0.2254,North America,NA
mr_sfd_80,mr,sfd_80,plants,Plants,Freshwater,Temperate,muthukrishnan_2019_Otter Tail,40,40,-89,-89,40,-89,9008302.395372,15128697.742407274,5127.42514348,2003,2012,2,10,4,4,TRUE,33,25,0.7576,North America,NA
mr_sfd_49,mr,sfd_49,plants,Plants,Freshwater,Temperate,muthukrishnan_2019_Becker,40,40,-89,-89,40,-89,535803.7902728,610019.8134341969,3393.97207496,2003,2012,2,10,5,5,TRUE,21,18,0.8571,North America,NA
mr_sfd_95,mr,sfd_95,plants,Plants,Terrestrial,Polar,myers-smith_2019_Herschel,69.5800018310547,69.5800018310547,-138.860000610352,-138.860000610352,69.5800018310547,-138.860000610352,1,0,0.0025,1999,2017,8,19,6,6,TRUE,41,38,0.9268,NA,Mackenzie Bay
mr_sfd_96,mr,sfd_96,plants,Plants,Terrestrial,Polar,myers-smith_2019_Komakuk,69.5800018310547,69.5800018310547,-138.869995117188,-138.869995117188,69.5800018310547,-138.869995117188,1,0,0.0025,1999,2017,8,19,6,6,TRUE,39,32,0.8205,NA,Mackenzie Bay
mr_sfd_97,mr,sfd_97,plants,Plants,Terrestrial,Temperate,price_2017_Illinois,39,39,-89,-89,39,-89,200,0,149997,2000,2915,4,916,48,48,TRUE,395,388,0.9823,North America,NA
mr_sfd_99,mr,sfd_99,birds,Birds,Terrestrial,Temperate,santana_2017_SPA Castro Verde High-intensity,38.0499992370606,38.0499992370606,-8.10000038146973,-8.10000038146973,38.0499992370606,-8.10000038146973,321200,0,423.92,1995,2012,3,18,24,24,TRUE,60,58,0.9667,Europe,NA
mr_sfd_100,mr,sfd_100,birds,Birds,Terrestrial,Temperate,santana_2017_SPA Castro Verde Low-intensity,37.6833343505859,37.6833343505859,-8,-8,37.6833343505859,-8,321200,0,456.08,1995,2012,5,18,39,43,FALSE,68,66,0.9706,Europe,NA
mr_sfd_102,mr,sfd_102,marine plants,Plants,Marine,Temperate,sorte_2018a_Gulf of Maine,42.4200477600098,44.3825988769531,-70.9059524536133,-68.0958023071289,43.63051223754882,-69.49391555786136,0.25,0,45,1974,2014,4,41,4,4,TRUE,60,29,0.4833,NA,Gulf of Maine
mr_sfd_103,mr,sfd_103,invertebrates,Invertebrates,Marine,Temperate,sorte_2018b_Gulf of Maine,42.4200477600098,44.3825988769531,-70.9059524536133,-68.0958023071289,43.63051223754882,-69.49391555786136,0.25,0,45,1974,2014,4,41,4,4,TRUE,37,19,0.5135,NA,Gulf of Maine
mr_sfd_104,mr,sfd_104,plants,Plants,Terrestrial,Tropical,"sperandii_2020_Coastal dunes, Italy",13.4799995422363,13.4799995422363,42.0099983215332,42.0099983215332,13.4799995422363,42.0099983215332,4,0,20,2007,2017,2,11,256,256,TRUE,178,166,0.9326,Africa,NA
mr_sfd_105,mr,sfd_105,marine plants,Plants,Marine,Temperate,starko_2019_Barkley Sound,48.8120422363281,48.9257316589356,-125.373138427734,-125.115043640137,48.869098901748664,-125.20845222473146,40,0,162.604504347753,1993,2018,4,26,46,48,FALSE,19,14,0.7368,NA,Pacific Ocean
mr_sfd_111,mr,sfd_111,plants,Plants,Terrestrial,Temperate,vojik_2018_Klinec forest,49.9007987976074,49.9007987976074,14.3425998687744,14.3425998687744,49.9007987976074,14.3425998687744,500,0,10,1957,2015,2,59,29,29,TRUE,125,122,0.976,Europe,NA
mr_sfd_113,mr,sfd_113,invertebrates,Invertebrates,Terrestrial,Tropical,willig_2010_Luquillo Forest Dynamics Plot (LFDP),18.3332996368408,18.3332996368408,-65.8167037963867,-65.8167037963867,18.3332996368408,-65.8167037963867,28.2743338823081,0,0.16,1992,2012,20,21,38,39,FALSE,18,14,0.7778,South America,NA
mr_sfd_114,mr,sfd_114,invertebrates,Invertebrates,Terrestrial,Temperate,wright_2021_desert grassland,34.3362007141113,34.3362007141113,-106.721199035645,-106.721199035645,34.3362007141113,-106.721199035645,1.539380400259,0,0.6,2002,2019,16,18,5,5,TRUE,221,181,0.819,North America,NA
mr_sfd_115,mr,sfd_115,invertebrates,Invertebrates,Terrestrial,Temperate,wright_2021_desert shrubland,34.3329010009766,34.3329010009766,-106.735801696777,-106.735801696777,34.3329010009766,-106.735801696777,1.539380400259,0,0.56,2002,2019,16,18,5,5,TRUE,239,189,0.7908,North America,NA
mr_sfd_116,mr,sfd_116,invertebrates,Invertebrates,Terrestrial,Temperate,wright_2021_plains grasslands,34.3363990783691,34.3363990783691,-106.634498596191,-106.634498596191,34.3363990783691,-106.634498596191,1.539380400259,0,0.64,2002,2019,16,18,5,5,TRUE,250,194,0.776,North America,NA
