study,database,studyID,taxon,taxon_new,realm,climate,study_name,min_lat,max_lat,min_long,max_long,cent_lat,cent_long,mean_grain_m2,sd_grain_m2,extent_km2,start_year,end_year,n_years,duration,min_samp,max_samp,nsamp_same,sprich,sprich_range,Psprich_range,continent,ocean,Region_comments
bt_67,bt,67,birds,Birds,Terrestrial,Temperate,Animal Demography Unit - Coordinated Waterbird Counts (CWAC) (AfrOBIS),-34.72,-25.17,18.04,32.88,-29.82489855,25.52205797,NA,NA,843152.8,1994,2006,13,13,94,228,FALSE,65,57,0.8769,Africa,NA,
bt_78,bt,78,benthos,Benthos,Marine,Temperate,IOW Macrozoobenthos monitoring Baltic Sea (1980-2005) (EurOBIS),54.03,55.25,11.06,14.51,54.52733333,12.62266667,0.1,NA,12665.2,1980,2004,20,25,4,12,FALSE,209,192,0.9187,NA,Baltic Sea,
bt_84,bt,84,marine plants,Plants,Marine,Temperate,Macroalgae of the Crimean coastal zone (Black Sea. 1967-2007),44.4882,44.6314,33.3771,33.5977,44.5679537,33.46470185,1,NA,146,1967,2005,5,39,7,27,FALSE,97,95,0.9794,Europe,Atlantic Ocean,manual_added
bt_85,bt,85,marine invertebrates,Invertebrates,Marine,Temperate,North Sea observations of Crustacea. Polychaeta. Echinodermata. Mollusca and some other groups between 1986 and 2003,51.6169,55.3067,2.67917,6.31806,53.08312573,3.984373029,NA,NA,61485.9,1992,2003,11,12,58,95,FALSE,340,256,0.7529,NA,North Sea,
bt_86,bt,86,marine plants,Plants,Marine,Temperate,Phytoplankton of the Ukrainian Black Sea shelf (1985-2005),45.4667,46.6,29.8167,31.4167,46.20552967,30.79541868,NA,NA,8773.5,1986,1998,5,13,11,37,FALSE,193,135,0.6995,NA,Black Sea,
bt_90,bt,90,marine invertebrates,Invertebrates,Marine,Temperate,Zooplankton in the Bay of Biscay (1995-2004. yearly DEPM surveys),43.4218,46.125,-4.2767,-1.4277,45.16971,-2.4645332,NA,NA,59094.5,1995,2004,3,10,51,132,FALSE,62,21,0.3387,NA,Bay of Biscay,
bt_92,bt,92,benthos,Benthos,Marine,Polar,Benthos of the White Sea - A database,64.67,65.59,38.3,39.64,64.84458333,38.971875,0.25,NA,3359.6,1981,1991,4,11,5,23,FALSE,170,165,0.9706,NA,White Sea,
bt_97,bt,97,marine invertebrates,Invertebrates,Marine,Polar,Archives of the Arctic Seas Zooplankton (ARC),50.3333,86.4833,-179.767,173.667,72.81345,176.667,NA,NA,5909071.5,1934,1955,2,22,182,183,FALSE,272,140,0.5147,NA,Arctic Ocean,
bt_99,bt,99,fish,Fish,Marine,Tropical,CSIRO Marine Data Warehouse (OBIS Australia),-20.9267,-17.4133,114.794,119.069,-19.7306315,117.3493774,NA,NA,86562.4,1982,1997,10,16,101,337,FALSE,584,557,0.9538,NA,Indian Ocean,
bt_108,bt,108,birds,Birds,Marine,Temperate,Seabirds of the Southern and South Indian Ocean (Australian Antarctic Data Centre),-69.71,-31.93,56.11,148.47,-57.87229318,99.21971043,NA,NA,22695462,1985,2005,10,21,1317,6112,FALSE,108,93,0.8611,NA,Indian Ocean,
bt_110,bt,110,benthos,Benthos,Marine,Temperate,Marine Nature Conservation Review (MNCR) and associated benthic marine data held and managed by JNCC (EurOBIS),49.8147,60.7699,-7.19322,-0.903563,54.10704,-4.426256141,NA,NA,386393.9,1976,1995,13,20,36,107,FALSE,2465,1889,0.7663,NA,Irish Sea,
bt_112,bt,112,fish,Fish,Marine,Temperate,NOAA Southeast Fishery Science Center (SEFSC) Commercial Pelagic Observer Program (POP) Data (SEFSC_POP),10.5,51.48,-97.26,-42.68,30.14206531,-78.17437163,NA,NA,17525478.6,1992,2005,14,14,6308,11208,FALSE,19,17,0.8947,NA,Atlantic Ocean,
bt_113,bt,113,marine invertebrates,Invertebrates,Marine,Temperate,Southampton Oceanography Center Discovery Collections Midwater Database (collections from Discovery sailings - 1979 only year with furthest afield data),31.8633,60.2709,-35.9967,-0.891,40.86506848,-21.1891343,NA,NA,4948206.1,1971,1997,6,27,80,187,FALSE,929,675,0.7266,NA,Atlantic Ocean,
bt_117,bt,117,marine invertebrates,Invertebrates,Marine,Temperate,South Western Pacific Regional OBIS Data Asteroid Subset (South Western Pacific OBIS),-52.01,-38.66,-179.96,179.98,-44.81274809,173.6616539,NA,NA,1542327.4,1963,2002,7,40,26,75,FALSE,64,57,0.8906,NA,Pacific Ocean,
bt_119,bt,119,fish,Fish,Marine,Temperate,DFO Maritimes Research Vessel Trawl Surveys Fish Observations (OBIS Canada),41.497,47.18333,-67.82825,-57.104,43.78837597,-62.38518782,NA,NA,312849.9,1978,2009,32,32,182,608,FALSE,214,171,0.7991,NA,Atlantic Ocean,
bt_121,bt,121,fish,Fish,Marine,Tropical,CRED Rapid Ecological Assessments of Fish Belt Transect Surveys and Fish Stationary Point Count Surveys in the Pacific Ocean 2000-2010 (OBIS-USA),-0.37374,28.4234,-178.331,-158.003,19.0618595,-167.6109,NA,NA,5562945.6,2001,2010,6,10,7,17,FALSE,53,47,0.8868,NA,Pacific Ocean,
bt_123,bt,123,fish,Fish,Marine,Temperate,Maine Department of Marine Resources Inshore Trawl Survey 2000?2009 (OBIS-USA),42.8524,44.7723,-70.8009,-66.9333,43.86359653,-69.03123308,NA,NA,21404.6,2000,2009,10,10,77,198,FALSE,144,127,0.8819,NA,Gulf of Maine,
bt_125,bt,125,fish,Fish,Marine,Temperate,MARMAP Chevron Trap Survey 1990-2009 (OBIS-USA),29.84,34.61,-80.89,-76.09,32.47892351,-78.81691218,2.55,NA,79561.1,1990,2000,9,11,95,153,FALSE,82,77,0.939,NA,Atlantic Ocean,
bt_135,bt,135,fish,Fish,Marine,Tropical,Previous_fisheries_REVIZEE_Program (Tropical and Subtropical Western South Atlantic OBIS),-12.5833,-10.35,-37.9667,-36.1333,-10.7578359,-36.58632222,NA,NA,7148.3,1977,1986,3,10,30,67,FALSE,17,13,0.7647,NA,Atlantic Ocean,
bt_147,bt,147,marine invertebrates,Invertebrates,Marine,Temperate,South Western Pacific Regional OBIS Data Bryozoan Subset (South Western Pacific OBIS),-47.35,-31.6,165.775,178.02,-39.39754032,172.8414973,NA,NA,922896.9,1961,1993,16,33,9,53,FALSE,439,372,0.8474,NA,Tasman Sea,
bt_148,bt,148,fish,Fish,Marine,Temperate,South Western Pacific Regional OBIS Data provider for the NIWA Marine Biodata Information System (South Western Pacific OBIS),-53.9803,-33.8425,-179.997,179.998,-42.24832939,175.265765,NA,NA,2263350.6,1981,2004,18,24,589,1921,FALSE,405,380,0.9383,NA,Pacific Ocean,
bt_152,bt,152,marine invertebrates,Invertebrates,Marine,Temperate,CMarZ (Census of Marine Zooplankton)-Asia Database,37,51.4,-180,180,43.35757576,-179.5636364,NA,NA,503560.5,1979,1988,8,10,19,27,FALSE,17,12,0.7059,NA,Pacific Ocean,
bt_162,bt,162,benthos,Benthos,Marine,Temperate,EPA'S EMAP Database,24.566,45.185,-97.705,-66.95,34.64678438,-81.53982453,0.044,NA,2491694.6,1991,2004,9,14,229,758,FALSE,2789,1390,0.4984,North America,Atlantic Ocean,manual_added
bt_163,bt,163,benthos,Benthos,Marine,Temperate,North Pacific Groundfish Observer (North Pacific Research Board),51.21,61.52,-179.5,179.83,56.67096154,-166.4678054,NA,NA,1995609.7,1993,2004,12,12,815,1035,FALSE,351,241,0.6866,NA,Bering Sea,
bt_166,bt,166,all,Multiple taxa,Marine,Temperate,PIROP Northwest Atlantic 1965-1992 (SEAMAP),25.4833,79.7833,-94.8667,-40.35,47.07662125,-63.5059273,NA,NA,16697146.9,1969,1987,9,19,2066,3950,FALSE,133,101,0.7594,NA,Gulf of Saint Lawrence,
bt_169,bt,169,all,Multiple taxa,Marine,Temperate,CalCOFI and NMFS Seabird and Marine Mammal Observation Data. 1987-2006 (SEAMAP),29.7721,40.0913,-126.474,-117.234,34.21596198,-120.9360713,900000,NA,883658.3,1987,2006,18,20,1269,4546,FALSE,182,152,0.8352,NA,Pacific Ocean,
bt_172,bt,172,all,Multiple taxa,Marine,Temperate,POPA cetacean. seabird. and sea turtle sightings in the Azores area 1998-2009 (OBIS SEAMAP),34.9,40.5,-32.192,-21.6667,38.3611994,-27.77908722,NA,NA,427845.5,1998,2009,12,12,1521,4115,FALSE,46,33,0.7174,NA,Atlantic Ocean,
bt_173,bt,173,marine invertebrates,Invertebrates,Marine,Temperate,Marine Biological Sample Database. JAMSTEC (OBIS_JAPAN),23.9084,44.8873,122.698,144.765,31.85890841,134.9034665,NA,NA,2653698.5,2000,2011,9,12,17,50,FALSE,518,139,0.2683,NA,Philippine Sea,
bt_176,bt,176,marine invertebrates,Invertebrates,Marine,Temperate,Atlantic Zone Monitoring Program Maritimes Region (AZMP) plankton datasets. In Fisheries and Oceans Canada - BioChem archive (OBIS Canada),40.93,48.95,-69.32,-56.14,44.46226504,-62.38644532,0.442,NA,562428.4,1999,2010,12,12,89,160,FALSE,302,165,0.5464,NA,Atlantic Ocean,
bt_178,bt,178,fish,Fish,Marine,Temperate,Pacific Shrimp Trawl Survey (OBIS Canada),48.06915,55.47165,-131.1792,-123.1293,50.1896738,-126.3522124,NA,NA,204004.9,1977,2007,14,31,174,610,FALSE,437,307,0.7025,North America,Pacific Ocean,manual_added
bt_180,bt,180,fish,Fish,Marine,Temperate,ECNASAP - East Coast North America Strategic Assessment (OBIS Canada),32.65,55.14,-81.4,-43.72,45.40139037,-60.47037359,333360,NA,3667846.3,1970,1994,24,25,907,2458,FALSE,273,269,0.9853,NA,Atlantic Ocean,
bt_182,bt,182,all,Multiple taxa,Marine,Temperate,Snow crab research trawl survey database (Southern Gulf of St. Lawrence. Gulf region. Canada) from 1988 to 2010 (OBIS Canada),45.9011,48.8781,-65.6408,-60.5326,47.52812299,-62.7356975,6420.267,NA,71092.8,1990,2009,19,20,199,322,FALSE,33,32,0.9697,NA,Gulf of Saint Lawrence,
bt_183,bt,183,marine invertebrates,Invertebrates,Marine,Temperate,DFO Maritimes Research Vessel Trawl Surveys Invertebrate Observations (OBIS Canada),41.0766,47.1781,-69.8868,-56.5898,43.86205248,-62.27861383,NA,NA,366196.4,1999,2011,13,13,158,546,FALSE,16,13,0.8125,NA,Atlantic Ocean,
bt_187,bt,187,benthos,Benthos,Marine,Temperate,National Benthic Infaunal Database (NOAA NBI),24.322,48.99,-123.425,-70.226,37,-75,NA,NA,7653042.4,1997,2006,5,10,91,304,FALSE,2788,1645,0.59,NA,Atlantic Ocean,
bt_189,bt,189,fish,Fish,Marine,Tropical,St. John. USVI Fish Assessment and Monitoring Data (2002 - Present) (NOAA-CCMA),18.2991,18.3736,-64.8005,-64.6588,18.33833679,-64.72153619,100,NA,91.2,2001,2010,9,10,49,127,FALSE,229,205,0.8952,South America,Caribbean Sea,
bt_190,bt,190,fish,Fish,Marine,Tropical,St. Croix. USVI Fish Assessment and Monitoring Data (2002 - Present) (NOAA-CCMA),17.7568,17.8107,-64.645,-64.5909,17.78317724,-64.6192992,100,NA,30.6,2001,2010,10,10,72,188,FALSE,232,201,0.8664,NA,Caribbean Sea,
bt_191,bt,191,marine invertebrates,Invertebrates,Marine,Temperate,NEFSC Benthic Database (OBIS-USA),38.3,45,-75.167,-64.85,41.65638387,-68.66872194,NA,NA,316334,1955,1968,11,14,104,719,FALSE,1380,810,0.587,NA,Atlantic Ocean,
bt_195,bt,195,birds,Birds,Terrestrial,Temperate,Breeding birds survey North America,26.3,54.0833,-124.4,-61.5667,40.23994055,-89.56250068,25427151.62,NA,11251127.1,1978,2007,30,30,404,436,FALSE,383,378,0.9869,North America,NA,
bt_196,bt,196,benthos,Benthos,Marine,Polar,SOTEAG Rocky Shore Survey (Sullom Voe),60.3568,60.493,-1.3903,-1.24063,60.45463871,-1.307432903,0.3,NA,49.5,1976,2012,35,37,15,28,FALSE,206,131,0.6359,Europe,Atlantic Ocean,manual_added
bt_200,bt,200,marine invertebrates,Invertebrates,Marine,Temperate,NEFSC Benthic Database (OBIS-USA),37.183,43.317,-74.25,-66.567,40.08696943,-72.25455159,NA,NA,273022.5,1962,1985,10,24,56,239,FALSE,1385,888,0.6412,NA,Atlantic Ocean,
bt_204,bt,204,benthos,Benthos,Marine,Temperate,MACROBEL Long term trends in the macrobenthos of the Belgian Continental Shelf,51.09826,51.40939,2.437555,2.923611,51.24950511,2.634771991,0.103,NA,800.3,1977,1997,6,21,23,88,FALSE,206,155,0.7524,NA,North Sea,
bt_213,bt,213,benthos,Benthos,Marine,Temperate,Northeast Fisheries Science Center Bottom Trawl Survey Data (OBIS-USA),34.6221,44.78333,-77.06667,-64.33334,40.48745119,-70.69790276,NA,NA,513547.8,1968,2008,41,41,507,1191,FALSE,965,678,0.7026,NA,Atlantic Ocean,
bt_214,bt,214,terrestrial plants,Plants,Terrestrial,Temperate,Long-term growth mortality and regeneration of trees in permanent vegetation plots in the Pacific Northwest 1910 to present,42.15192,47.99045,-123.9929,-121.5377,45.28991693,-122.5149635,10000,NA,96127.4,1940,2009,42,70,14,75,FALSE,30,29,0.9667,North America,NA,
bt_217,bt,217,birds,Birds,Terrestrial,Temperate,Landbird Monitoring Program (UMT-LBMP),44.08333,48.99887,-117.1309,-109.4647,47.00333179,-113.8480441,NA,NA,230589.8,1994,2004,7,11,3173,5369,FALSE,234,205,0.8761,North America,NA,
bt_229,bt,229,fish,Fish,Freshwater,Temperate,Upper Little Tennessee River Biomonitoring Program Database - LTWA Biomonitoring Database,34.97041,35.36319,-83.53843,-83.2676,35.17673529,-83.40966131,NA,NA,655.9,1990,2013,19,24,15,53,FALSE,66,61,0.9242,North America,NA,
bt_232,bt,232,fish,Fish,Marine,Polar,Pelagic Fish Observations 1968-1999,-69.43833,-59.98333,51.91833,90.17333,-66.15753574,71.93070436,NA,NA,1438106,1981,1993,7,13,50,244,FALSE,91,68,0.7473,NA,Southern Ocean,
bt_237,bt,237,freshwater invertebrates,Invertebrates,Freshwater,Temperate,Madison Wisconsin Lakes Zooplankton 1976 - 1994 - old net,42.96075,43.09885,-89.40545,-89.24475,43.03279,-89.3328275,NA,NA,14.8,1976,1985,10,10,4,4,TRUE,77,54,0.7013,North America,NA,
bt_247,bt,247,freshwater invertebrates,Invertebrates,Freshwater,Temperate,Zooplankton survey of Oneida Lake New York 1964 to present,43.17833,43.22111,-76.04444,-75.77083,43.19523,-75.910925,0.4,NA,43.4,1975,2006,31,32,5,6,FALSE,28,18,0.6429,North America,NA,
bt_252,bt,252,fish,Fish,Marine,Temperate,MARMAP Blackfish Trap Survey 1990-2009,31.67,33.49,-80.34,-78.23,32.62877907,-79.02813953,NA,NA,11225.3,1978,1989,11,12,24,59,FALSE,32,31,0.9688,NA,Atlantic Ocean,
bt_253,bt,253,freshwater invertebrates,Invertebrates,Freshwater,Temperate,North Temperate Lakes LTER Zooplankton - Trout Lake Area 1982 - current,46.00275,46.04125,-89.701183,-89.606183,46.02113814,-89.64332843,NA,NA,24.3,1986,2014,29,29,7,7,TRUE,120,72,0.6,North America,NA,
bt_271,bt,271,fish,Fish,Marine,Temperate,Santa Barbara Coastal LTER,34.391117,34.471767,-120.33355,-119.539317,34.42129638,-119.8742864,80,NA,195.1,2001,2014,14,14,33,37,FALSE,60,54,0.9,North America,Pacific Ocean,manual_added
bt_272,bt,272,marine invertebrates,Invertebrates,Marine,Temperate,Santa Barbara Coastal LTER,34.044434,34.471817,-120.33349,-119.541693,34.35688691,-119.8922693,1,NA,1624.7,2004,2014,11,11,11,11,TRUE,36,32,0.8889,NA,Pacific Ocean,
bt_273,bt,273,marine invertebrates,Invertebrates,Marine,Temperate,Santa Barbara Coastal LTER,34.04443,34.47182,-120.3335,-119.5417,34.35688727,-119.8922727,1,NA,1624.7,2004,2014,11,11,10,11,FALSE,24,20,0.8333,NA,Pacific Ocean,
bt_274,bt,274,all,Multiple taxa,Marine,Temperate,Santa Barbara Coastal LTER,34.39112,34.47177,-120.3336,-119.5393,34.42189556,-119.8778889,40,NA,195.1,2001,2014,14,14,35,36,FALSE,130,81,0.6231,North America,Pacific Ocean,manual_added
bt_278,bt,278,fish,Fish,Marine,Temperate,South Western Pacific Regional OBIS Data provider for the NIWA Marine Biodata Information System (South Western Pacific OBIS),-51.6334,-34.1763,-179.958,178.534,-41.07128194,174.6806163,NA,NA,1496936.3,1979,1990,7,12,203,573,FALSE,224,216,0.9643,NA,Cook Strait,
bt_286,bt,286,fish,Fish,Marine,Temperate,Maine Department of Marine Resources Inshore Trawl Survey 2000?2009 (OBIS-USA),42.8524,44.7537,-70.7548,-66.9333,44.02574162,-68.64826667,NA,NA,20205.7,2000,2009,9,10,5,42,FALSE,27,18,0.6667,NA,Gulf of Maine,
bt_288,bt,288,fish,Fish,Marine,Temperate,DFO Maritimes Research Vessel Trawl Surveys Fish Observations (OBIS Canada),41.5,47.183331,-67.828251,-57.10433,43.91646688,-62.38141845,NA,NA,312070.1,1972,1995,20,24,112,397,FALSE,173,142,0.8208,NA,Atlantic Ocean,
bt_290,bt,290,fish,Fish,Marine,Temperate,CSIRO Marine Data Warehouse (OBIS Australia),-43.5417,-34.4167,144.342,151.85,-39.94123829,149.08692,NA,NA,287475.2,1978,1988,4,11,17,83,FALSE,172,170,0.9884,NA,Tasman Sea,
bt_291,bt,291,fish,Fish,Marine,Temperate,CSIRO Marine Data Warehouse (OBIS Australia),-43.525,-16.3417,115.1,149.683,-30.78346543,132.8600535,NA,NA,2964423.6,1978,1988,2,11,100,143,FALSE,360,349,0.9694,Australia,Indian Ocean,manual_added
bt_292,bt,292,fish,Fish,Marine,Temperate,CSIRO Marine Data Warehouse (OBIS Australia),-43.5417,-39.2333,144.333,148.867,-41.96250938,147.3298125,NA,NA,107182.2,1978,1989,4,12,9,26,FALSE,99,98,0.9899,Australia,Pacific Ocean,manual_added
bt_297,bt,297,marine invertebrates,Invertebrates,Marine,Tropical,MCR LTERCoral Reef Long-term Population and Community Dynamics Other Benthic Invertebrates. ongoing since 2005,-17.580114,-17.473362,-149.922302,-149.760898,-17.5173745,-149.8272423,NA,NA,121.3,2005,2015,11,11,6,6,TRUE,10,10,1,Australia,Pacific Ocean,
bt_300,bt,300,terrestrial invertebrates,Invertebrates,Terrestrial,Temperate,Insect Populations via Sticky Traps at KBS-LTER (Kellogg Biological Station. MI),42.40615,42.41479,-85.377313,-85.368173,42.41010535,-85.37134446,NA,NA,0.6,1989,2013,25,25,176,215,FALSE,21,14,0.6667,North America,NA,
bt_304,bt,304,terrestrial plants,Plants,Terrestrial,Temperate,Cape of Good Hope Permanent Plots,-34.339806,-34.206832,18.374421,18.463356,-34.27137733,18.42391816,50,NA,63.7,1966,1996,2,31,63,63,TRUE,418,418,1,Africa,NA,
bt_354,bt,354,marine plants,Plants,Marine,Temperate,A database of marine phytoplankton abundance biomass and species composition in Australian waters,-49.8613,-14.4994,104.0598,158.6145,-31.80427198,147.9374027,NA,NA,12945405.4,1998,2013,4,16,31,201,FALSE,356,174,0.4888,Australia,Pacific Ocean,manual_added
bt_356,bt,356,terrestrial plants,Plants,Terrestrial,Tropical,Long-term stem inventory data from tropical rain forest plots in Australia,-17.54569,-16.13658,145.07139,145.83122,-16.91006437,145.473895,5000,NA,7026.6,1976,2012,21,37,6,15,FALSE,388,372,0.9588,Australia,NA,
bt_359,bt,359,fish,Fish,Marine,Temperate,SBC LTER Reef Kelp Forest Community Dynamics Fish abundance,34.391632,34.471817,-120.33349,-119.541693,34.42611938,-119.9275128,2,NA,189,2001,2012,12,12,7,8,FALSE,51,46,0.902,NA,Pacific Ocean,
bt_374,bt,374,birds,Birds,Marine,Temperate,Monitoring site 1000 Shorebird Survey,24.3421,45.4048,124.2403,145.3711,34.93301175,136.080313,NA,NA,1201169.7,2004,2014,11,11,100,123,FALSE,63,61,0.9683,Asia,Pacific Ocean,manual_added
bt_375,bt,375,terrestrial invertebrates,Invertebrates,Terrestrial,Temperate,Surface of the earth wandering beetles survey data,31.38,44.37,131.19,143.51,38.19241379,138.697931,50,NA,419082.1,2004,2014,11,11,17,24,FALSE,163,115,0.7055,Asia,Sea of Japan,manual_added
bt_418,bt,418,fish,Fish,Marine,Tropical,Long-term Monitoring of the Great Barrier reef,-23.890883,-14.5264,145.3514,152.668567,-19.27609181,148.7676031,NA,NA,253610.4,1995,2014,16,20,110,149,FALSE,241,241,1,NA,Great Barrier Reef,
bt_428,bt,428,fish,Fish,Marine,Temperate,Long term monitoring of fish abundances from coastal SKagerrak,58.06379,59.89143,7.768994,10.83622,58.90449883,9.489157047,NA,NA,10354.1,1936,2015,75,80,84,117,FALSE,58,49,0.8448,NA,Skagerrak,
bt_430,bt,430,fish,Fish,Freshwater,Temperate,The New Zealand Freshwater Fish Database - Electric fishing - Backpack,-47.05019,-35.08132,166.5563,176.1725,-42.65465565,171.718806,NA,NA,468174.9,1992,2016,22,25,158,587,FALSE,57,47,0.8246,Australia,NA,
bt_431,bt,431,fish,Fish,Freshwater,Temperate,The New Zealand Freshwater Fish Database - Traps- Gee Minnow traps,-46.44209,-34.41888,169.1643,176.3755,-40.40532931,172.975957,NA,NA,409672.5,1997,2011,13,15,50,144,FALSE,39,34,0.8718,Australia,Tasman Sea,manual_added
bt_432,bt,432,fish,Fish,Freshwater,Temperate,The New Zealand Freshwater Fish Database - Observation (Spotlighting visual),-43.63385,-36.76785,169.7331,177.9025,-40.05723022,174.1321155,NA,NA,216445.6,1998,2012,14,15,31,162,FALSE,30,25,0.8333,Australia,Tasman Sea,manual_added
bt_466,bt,466,fish,Fish,Marine,Temperate,Trawl Survey Data from Rockall Scotland (1986 - 2008),55.82,58.93,-15.25,-3.63,57.38556664,-10.53410482,5000000,NA,152359.4,1986,2008,20,23,45,129,FALSE,90,89,0.9889,NA,Atlantic Ocean,
bt_467,bt,467,fish,Fish,Marine,Temperate,Spatial and temporal organisation of a coastal lagoon fish community,40.54906,40.85558,-8.75833,-8.62697,40.67416778,-8.689536667,NA,NA,188.5,1987,1999,4,13,9,9,TRUE,72,71,0.9861,Europe,Atlantic Ocean,manual_added
bt_468,bt,468,benthos,Benthos,Marine,Temperate,A multi-decade time series of kelp forest community structure at San Nicolas Island California.,33.21615,33.27325,-119.5802,-119.4441,33.24008143,-119.518,NA,NA,45.7,1986,2011,21,26,6,7,FALSE,119,73,0.6134,North America,Pacific Ocean,
bt_469,bt,469,benthos,Benthos,Marine,Temperate,A multi-decade time series of kelp forest community structure at the California Channel Islands.,33.46293,34.06438,-120.3875,-119.0268,33.89929375,-119.6193625,NA,NA,3466.5,1982,2011,30,30,13,32,FALSE,38,37,0.9737,NA,Pacific Ocean,
bt_499,bt,499,marine invertebrates,Invertebrates,Marine,Temperate,Macrobenthos monitoring at long-term monitoring stations in the Belgian part of the North Sea between 1979 and 1999,51.189,51.46,2.7,3.05,51.35225,2.9,300000,NA,383.7,1985,1999,9,15,4,4,TRUE,158,116,0.7342,NA,North Sea,
bt_500,bt,500,marine invertebrates,Invertebrates,Marine,Temperate,Macrobenthos monitoring at long-term monitoring stations in the Belgian part of the North Sea from 2001 on,51.189,51.58,2.45,3.4,51.40576875,3.025524375,300000,NA,1629.7,2001,2012,11,12,10,15,FALSE,298,203,0.6812,NA,North Sea,
bt_505,bt,505,all,Multiple taxa,Marine,Temperate,"Fish and marine invertebrates from the Israeli Eastern Mediterranean sea  1990-4, 2000, 2008-2012",31.8039,33.0839,34.60865,35.08518,32.48554444,34.87003333,445000000,NA,675.6,1991,2011,7,21,14,18,FALSE,188,164,0.8723,NA,Mediterranean Sea,
bt_507,bt,507,fish,Fish,Marine,Temperate,Trawl fisheries in Israeli Mediterranean,31.601,32.53508,34.27208,34.81406,31.97202849,34.57150065,445000000,NA,2405.8,1988,2010,19,23,29,194,FALSE,41,32,0.7805,NA,Mediterranean Sea,
bt_512,bt,512,terrestrial plants,Plants,Terrestrial,Temperate,The Hundt 2001 data - Rudolf Hundt,50.597608,51.648703,10.782824,13.052058,51.34006057,11.86527429,25,NA,7950.9,1964,1994,2,31,13,14,FALSE,144,136,0.9444,Europe,NA,
bt_171,bt,171,mammals,Mammals,Marine,Temperate,Bahamas Marine Mammal Research Organisation Opportunistic Sightings (SEAMAP),24.8667,27.2092,-78.0983,-76.9034,26.18075752,-77.27369441,NA,NA,24839.2,1995,2007,13,13,82,289,FALSE,27,20,0.7407,NA,Atlantic Ocean,
bt_516,bt,516,mammals,Mammals,Terrestrial,Tropical,A large-scale fragmentation experiment for Neotropical bats,-2.447695,-2.336515,-60.113215,-59.758385,-2.390843583,-59.91215425,NA,NA,95.9,1997,2013,4,17,12,12,TRUE,41,41,1,South America,NA,
bt_321,bt,321,mammals,Mammals,Terrestrial,Temperate,Small Mammal Exclosure Study. Jornada LTER.  SMES rodent trapping data,32.51433,32.596809,-106.862635,-106.768791,32.55493643,-106.8160364,500000,NA,7.1,1995,2007,13,13,226,583,FALSE,17,16,0.9412,North America,NA,
bt_197,bt,197,fish,Fish,Marine,Temperate,Scottish West Coast Surveys - all species of fish (1985 - 2013),54.7513,60.0097,-10.2482,-4,57.35499947,-7.133524643,NA,NA,154359.8,1985,2013,28,29,33,121,FALSE,104,101,0.9712,NA,Sea of the Hebrides,
bt_198,bt,198,fish,Fish,Marine,Temperate,Baltic international demersal trawl surveys,54.0667,58.55,9.7233,21.2467,55.51095721,15.79853891,NA,NA,289891.2,1991,2013,22,23,281,510,FALSE,58,55,0.9483,NA,Baltic Sea,
bt_206,bt,206,fish,Fish,Marine,Temperate,Northern Irish Ground Fish Trawl Survey,50.2233,54.7983,-6.35,-2.9417,52.77984919,-4.504535643,NA,NA,93276.6,1993,2008,16,16,92,130,FALSE,115,107,0.9304,NA,Irish Sea,
bt_208,bt,208,fish,Fish,Marine,Temperate,ICES French Southern Atlantic Bottom Trawl Survey for commercial fish species. ICES Database of trawl surveys (DATRAS),43.691,51.8027,-11.3465,-1.4428,48.25294117,-6.436937798,NA,NA,321082.4,1997,2007,11,11,94,125,FALSE,189,181,0.9577,NA,Atlantic Ocean,
bt_209,bt,209,fish,Fish,Marine,Temperate,ICES Beam Trawl Survey for commercial fish species. ICES Database of trawl surveys (DATRAS) -UK,48.965,58.3337,-2.6317,8.2333,52.69321559,2.682826592,NA,NA,473384.4,1991,2007,17,17,171,271,FALSE,144,129,0.8958,NA,North Sea,
bt_210,bt,210,fish,Fish,Marine,Temperate,ICES North Sea International Bottom Trawl Survey for commercial fish species. ICES Database of trawl surveys (DATRAS),51.0333,61.8833,-3.8333,12.6667,56.48643943,3.384900438,NA,NA,707690.8,1975,2011,37,37,310,1172,FALSE,247,185,0.749,NA,North Sea,
bt_215,bt,215,birds,Birds,Terrestrial,Temperate,Hawk Migration Association of North America (HMANA),35.63333,48.3,-92.03194,-68.21667,41.24425748,-76.60295126,NA,NA,1788792.3,1985,2008,22,24,14,85,FALSE,17,16,0.9412,North America,NA,
bt_219,bt,219,amphibians,Amphibians and reptiles,Terrestrial,Temperate,Marsh Monitoring Program - Amphibian Surveys,40.621,48.8478,-92.4102,-74.3819,43.62921914,-80.65209177,15707.965,NA,843786.8,1995,2011,17,17,114,301,FALSE,13,11,0.8462,North America,NA,
bt_220,bt,220,birds,Birds,Terrestrial,Temperate,Marsh Monitoring Program - Bird Surveys,40.4143,47.7254,-89.4106,-70.1751,43.92171239,-79.32973602,15707.965,NA,915294.8,1995,2011,14,17,153,340,FALSE,182,180,0.989,North America,NA,
bt_244,bt,244,birds,Birds,Marine,Temperate,British Columbia Coastal Waterbirds Survey,48.31282,50.78752,-127.1116,-122.7932,49.24321208,-123.8433345,785398.25,NA,45459.3,1999,2012,14,14,122,196,FALSE,163,142,0.8712,NA,Salish Sea,
bt_256,bt,256,fish,Fish,Marine,Temperate,ICES Beam Trawl Survey for commercial fish species. ICES Database of trawl surveys (DATRAS) - The Netherlands,51.6213,58.4032,-3.3166,8.1658,54.7071219,3.961045259,NA,NA,342195.4,1996,2009,14,14,113,155,FALSE,108,100,0.9259,NA,North Sea,
bt_309,bt,309,terrestrial invertebrates,Invertebrates,Terrestrial,Temperate,Monitoring the Abundance of Butterflies 1976-1985,50.59712,53.35453,-4.143852,1.634184,51.76106533,-0.916416033,25,NA,94445.5,1976,1985,10,10,26,30,FALSE,43,42,0.9767,Europe,NA,
bt_331,bt,331,terrestrial plants,Plants,Terrestrial,Temperate,Vegetation Data - post harvest,45.85457,46.38007,-122.0468,-121.5746,46.06275693,-121.772651,130000,NA,946.6,1998,2009,4,12,123,452,FALSE,42,35,0.8333,North America,NA,
bt_525,bt,525,terrestrial plants,Plants,Freshwater,Tropical,1980s-2010s: The world's largest mangrove ecosystem is becoming homogeneous,21.77732,22.44203,89.0943,89.86369,22.10372127,89.491886,NA,NA,4397.8,1986,2014,4,29,110,110,TRUE,25,25,1,Asia,Bay of Bengal,manual_added
bt_527,bt,527,all,Multiple taxa,Marine,Temperate,CWS-EC Eastern Canada Seabirds at Sea (ECSAS),33.59,73.8,-75.03,-26.5,49.95231407,-56.2976802,NA,NA,10510940.9,2006,2015,10,10,1853,9041,FALSE,126,95,0.754,North America,Atlantic Ocean,manual_added
ft_1,ft,1,fish,Fish,Freshwater,Temperate,NA,41.23651989,42.33616214,1.138923,3.082749,41.97730352,2.208518956,NA,NA,8868.4,2003,2017,3,15,27,45,FALSE,27,27,1,Europe,NA,
ft_2,ft,2,fish,Fish,Freshwater,Tropical,NA,-20.71771,-19.97309,-51.0495,-49.71044,-20.38034842,-50.36889868,NA,NA,7622.9,2003,2013,2,11,38,38,TRUE,53,53,1,South America,NA,
ft_4,ft,4,fish,Fish,Freshwater,Temperate,NA,46.49488,46.92735,16.42968,17.84632,46.75704081,17.25713243,NA,NA,3161.6,2007,2018,11,12,30,37,FALSE,41,41,1,Europe,NA,
ft_5,ft,5,fish,Fish,Freshwater,Temperate,NA,39.80869,39.86131,-86.9599,-86.87111,39.8351075,-86.9246525,NA,NA,6.6,1981,2002,21,22,8,8,TRUE,57,57,1,North America,NA,
ft_6,ft,6,fish,Fish,Freshwater,Temperate,NA,-28.31903,-26.05719,151.9771,153.4148,-27.44175136,152.8165552,NA,NA,23465.4,2003,2018,16,16,69,125,FALSE,53,53,1,Australia,NA,
ft_7,ft,7,fish,Fish,Freshwater,Polar,NA,60.48918,65.8079,21.50644,29.4046,62.36187623,26.09164513,NA,NA,155669.2,1999,2017,16,19,51,127,FALSE,28,28,1,Europe,NA,
ft_9,ft,9,fish,Fish,Freshwater,Temperate,NA,38.4353,38.4923,-96.5843,-96.5484,38.457375,-96.567075,NA,NA,3.6,2008,2018,9,11,4,4,TRUE,27,27,1,North America,NA,
ft_10,ft,10,fish,Fish,Freshwater,Temperate,NA,32.95343,33.72942,-108.9067,-108.1244,33.30254833,-108.4750333,NA,NA,3095.4,1988,2018,28,31,5,6,FALSE,22,22,1,North America,NA,
ft_11,ft,11,fish,Fish,Freshwater,Temperate,NA,32.9434,33.72732,-108.9106,-108.1366,33.29700667,-108.47795,NA,NA,3087.8,1988,2005,16,18,5,6,FALSE,20,20,1,North America,NA,
ft_14,ft,14,fish,Fish,Freshwater,Temperate,NA,41.54253,45.40783,140.009,143.143,43.08051267,141.2390667,NA,NA,61130,1999,2014,14,16,13,27,FALSE,20,20,1,Asia,NA,
ft_15,ft,15,fish,Fish,Freshwater,Temperate,NA,40.93835,43.48395,-95.95711,-90.23185,42.37927356,-92.75032667,NA,NA,111661.5,2001,2017,5,17,37,58,FALSE,93,93,1,North America,NA,
ft_16,ft,16,fish,Fish,Freshwater,Temperate,NA,45.44492,46.01739,11.688821,12.495443,45.69129278,12.0315874,NA,NA,2370.5,1991,2008,2,18,26,35,FALSE,34,34,1,Europe,NA,
ft_17,ft,17,fish,Fish,Freshwater,Tropical,NA,7.711156,10.374198,-7.070912,-3.924315,8.8664175,-5.49968475,NA,NA,42175.7,1975,1986,12,12,4,4,TRUE,55,55,1,Africa,NA,
ft_18,ft,18,fish,Fish,Freshwater,Temperate,NA,34.249,34.68294,-95.60604,-94.65362,34.54199625,-95.188185,NA,NA,1522.9,1977,1988,6,12,4,7,FALSE,57,57,1,North America,NA,
ft_21,ft,21,fish,Fish,Freshwater,Temperate,NA,37.24652,44.38792,-92.0354,-89.43107,41.23108,-90.58906074,NA,NA,54514.9,1993,2018,26,26,24,27,FALSE,115,115,1,North America,NA,
ft_20,ft,20,fish,Fish,Freshwater,Temperate,NA,34.98152,35.33716,-83.53485,-83.28991,35.16637846,-83.40710359,NA,NA,441.5,1995,2013,15,19,13,18,FALSE,56,56,1,North America,NA,
ft_23,ft,23,fish,Fish,Freshwater,Temperate,NA,-36.6622,-27.14816,139.3097,151.9213,-32.72620364,146.2627618,NA,NA,728967.5,2005,2019,8,15,23,48,FALSE,30,30,1,Australia,NA,
ft_24,ft,24,fish,Fish,Freshwater,Temperate,NA,43.57398,48.40512,-95.54245,-91.85515,45.96105156,-93.57382938,NA,NA,116295.4,2008,2018,3,11,14,22,FALSE,80,80,1,North America,NA,
ft_25,ft,25,fish,Fish,Freshwater,Temperate,NA,46.68098,47.11073,-113.7158,-112.5385,46.96635746,-113.0768254,NA,NA,2833.7,1989,2009,12,21,11,36,FALSE,10,10,1,North America,NA,
ft_26,ft,26,fish,Fish,Freshwater,Temperate,NA,32.03389,47.31232,-123.06955,-72.6687,40.358806,-97.721638,NA,NA,5304211.1,2002,2015,11,14,19,42,FALSE,217,217,1,North America,NA,
ft_27,ft,27,fish,Fish,Freshwater,Temperate,NA,50.05228,55.62104,-5.665376466,1.613257935,52.63965723,-2.138734393,NA,NA,182818.2,1993,2018,24,26,545,1586,FALSE,43,43,1,Europe,NA,
ft_28,ft,28,fish,Fish,Freshwater,Temperate,NA,34.82972,36.55786,-82.14647,-79.40411,35.85033045,-80.40757851,NA,NA,36713.1,1996,2016,7,21,33,90,FALSE,123,123,1,North America,NA,
ft_29,ft,29,fish,Fish,Freshwater,Tropical,NA,-19.44598,-19.12614,-47.05165,-46.89022,-19.230486,-47.00076,NA,NA,87.2,2009,2019,3,11,5,5,TRUE,19,19,1,South America,NA,
ft_30,ft,30,fish,Fish,Freshwater,Temperate,NA,33.879,36.852,-99.509,-95.639,35.37247368,-97.61021053,NA,NA,90235.6,1979,1994,15,16,16,19,FALSE,83,83,1,North America,NA,
ft_32,ft,32,fish,Fish,Freshwater,Temperate,NA,42.42951,50.94448,-1.925462211,7.862705641,47.07696045,3.312846543,NA,NA,525136.9,1994,2017,24,24,227,543,FALSE,74,74,1,Europe,NA,
ft_34,ft,34,fish,Fish,Freshwater,Temperate,NA,42.69162,43.40675,-3.121169,-1.729423,43.13563825,-2.56000899,NA,NA,6266.5,2002,2018,17,17,55,92,FALSE,28,28,1,Europe,NA,
ft_36,ft,36,fish,Fish,Freshwater,Temperate,NA,32.84051,33.93357,-104.3986,-104.2746,33.50421273,-104.3322273,NA,NA,619.1,1992,2018,20,27,8,11,FALSE,30,30,1,North America,NA,
ft_37,ft,37,fish,Fish,Freshwater,Temperate,NA,-29.69177,-29.50424,-50.31666,-50.20428,-29.57496182,-50.26146045,NA,NA,169.1,1999,2012,2,14,22,22,TRUE,20,19,0.95,South America,NA,
ft_39,ft,39,fish,Fish,Freshwater,Temperate,NA,43.5844,43.9945,-79.541,-79.0052,43.85313636,-79.21273818,NA,NA,938.8,2003,2015,5,13,47,52,FALSE,48,48,1,North America,NA,
ft_42,ft,42,fish,Fish,Freshwater,Polar,NA,55.44412,68.38496,11.23765,24.11315,60.05687993,15.42922159,NA,NA,476042.7,1989,2018,30,30,487,1286,FALSE,36,36,1,Europe,NA,
ft_41,ft,41,fish,Fish,Freshwater,Temperate,NA,31.43699,32.88421,-110.5846,-110.1074,32.01716833,-110.2671833,NA,NA,1415.3,1990,2000,11,11,6,6,TRUE,15,15,1,North America,NA,
ft_43,ft,43,fish,Fish,Freshwater,Temperate,NA,41.67996,41.7516,2.399272,2.467521,41.72123625,2.426585875,NA,NA,1.6,2001,2017,17,17,6,8,FALSE,11,11,1,Europe,NA,
ft_45,ft,45,fish,Fish,Freshwater,Temperate,NA,34.86167,34.90562,-112.3932,-112.078,34.88427286,-112.2515,NA,NA,71.4,1995,2008,12,14,7,7,TRUE,16,16,1,North America,NA,
ft_46,ft,46,fish,Fish,Freshwater,Temperate,NA,50.71576,51.46388,3.49222,5.83295,50.95170816,4.824047602,NA,NA,9588.1,2001,2012,7,12,41,64,FALSE,40,40,1,Europe,NA,
ic_79,ic,79,invertebrates,Invertebrates,Terrestrial,Temperate,GPDD 79 UK butterflies,50.58333,52.58333,-4.16666667,0.86666667,51.76794769,-1.197435897,NA,NA,47325.7,1976,1985,9,10,11,13,FALSE,37,36,0.973,Europe,NA,
ic_502,ic,502,invertebrates,Invertebrates,Terrestrial,Temperate,GPDD 502 UK Aphids,50.25,57.53333,-5.25,0.88333333,53.03005929,-2.117261906,NA,NA,167554.3,1971,1988,18,18,13,14,FALSE,29,18,0.6207,Europe,NA,
ic_1102,ic,1102,invertebrates,Invertebrates,Terrestrial,Temperate,Netherlands ground beetles,52.77986,52.80119,6.41288,6.58705,52.78912984,6.462111,NA,NA,14.1,1965,2008,12,44,5,13,FALSE,134,134,1,Europe,NA,
ic_1340,ic,1340,invertebrates,Invertebrates,Terrestrial,Temperate,Hungary moths,46.18783333,48.05419444,16.55,21.26666667,47.20127778,19.36339683,NA,NA,43344.3,1969,2001,4,33,7,7,TRUE,767,755,0.9844,Europe,NA,
ic_1367,ic,1367,invertebrates,Invertebrates,Terrestrial,Temperate,Italy ground beetles,46.29670833,46.29670833,11.78739444,11.78739444,46.29670833,11.78739444,NA,NA,10,1980,2008,2,29,6,6,TRUE,36,36,1,Europe,NA,
ic_1408,ic,1408,invertebrates,Invertebrates,Freshwater,Polar,Finland freshwater,66.5,66.5,29,29,66.5,29,NA,NA,350,2000,2013,14,14,23,23,TRUE,75,73,0.9733,Europe,NA,
ic_1444,ic,1444,invertebrates,Invertebrates,Freshwater,Temperate,New Zealand freshwater monitoring,-46.389447,-37.414755,167.6854,177.6375,-41.61485681,173.544969,NA,NA,223528,1989,2008,17,20,19,49,FALSE,24,22,0.9167,Australia,NA,
ic_1474,ic,1474,invertebrates,Invertebrates,Terrestrial,Temperate,Germany Marchand Schuch,52.4845803,52.5456498,9.0715528,9.123888,52.51202644,9.099162822,NA,NA,14.2,1951,2009,2,59,9,9,TRUE,191,190,0.9948,Europe,NA,
ic_1475,ic,1475,invertebrates,Invertebrates,Terrestrial,Temperate,Germany Schiemenz Schuch ,51.137609,53.238218,11.783225,14.389833,52.0347002,13.5767207,NA,NA,14521,1964,2009,2,46,10,10,TRUE,106,104,0.9811,Europe,NA,
ic_1488,ic,1488,invertebrates,Invertebrates,Freshwater,Temperate,Sweden freshwater,55.89745113,67.76318579,11.13815342,23.47123593,58.55887357,13.42373853,NA,NA,300530.4,2006,2019,13,14,46,111,FALSE,294,287,0.9762,Europe,NA,
ic_1533,ic,1533,invertebrates,Invertebrates,Terrestrial,Temperate,Brazil bees Pereira,-25.42310989,-25.41938035,-49.31407585,-49.30844913,-25.42184054,-49.31162003,NA,NA,0.1,1955,2018,2,64,20,20,TRUE,27,17,0.6296,South America,NA,
ic_1542,ic,1542,invertebrates,Invertebrates,Freshwater,Temperate,England freshwater,52.52151981,54.90089251,-3.5362833,-0.37817002,53.52276318,-1.469494587,NA,NA,30649.6,2002,2018,17,17,60,176,FALSE,477,472,0.9895,Europe,NA,
ic_1547,ic,1547,invertebrates,Invertebrates,Terrestrial,Temperate,korea moths,35.2767222,35.3758611,127.4783889,127.6352222,35.3173287,127.5505232,NA,NA,48.5,2006,2017,8,12,6,6,TRUE,896,820,0.9152,Asia,NA,
ic_1006,ic,1006,invertebrates,Invertebrates,Terrestrial,Temperate,enc_moth,50.78193333,55.48985278,-6.078127778,-0.372683333,52.68409722,-2.144987654,NA,NA,123878.9,1993,2012,18,20,6,9,FALSE,411,398,0.9684,Europe,NA,
ic_1263,ic,1263,invertebrates,Invertebrates,Terrestrial,Temperate,enc_butterfly,50.78193333,56.90926667,-6.078127778,-0.372683333,53.39083258,-2.334436364,NA,NA,150616.2,1994,2011,17,18,7,11,FALSE,44,41,0.9318,Europe,NA,
ic_1267,ic,1267,invertebrates,Invertebrates,Terrestrial,Temperate,enc_beetle,50.78193333,55.48985278,-6.078127778,-0.863216667,52.52915985,-2.537382576,NA,NA,112614.1,1994,2012,13,19,14,22,FALSE,120,112,0.9333,Europe,NA,
ic_1520,ic,1520,invertebrates,Invertebrates,Freshwater,Temperate,Iowa_mosquito,41.2,42.52,-95.92,-90.49,41.62956522,-93.48217391,NA,NA,29428.4,1976,2015,36,40,10,17,FALSE,42,38,0.9048,North America,NA,
ic_1525,ic,1525,invertebrates,Invertebrates,Freshwater,Temperate,Indiana_mosquito,39.6394,39.8949,-86.3226,-85.9762,39.81189167,-86.13261667,NA,NA,644.5,2008,2019,12,12,12,12,TRUE,31,29,0.9355,North America,NA,
ic_1526_1,ic,1526_1,invertebrates,Invertebrates,Freshwater,Temperate,LeeFlorida_mosquito,26.3348,26.7208,-81.9783,-81.6029,26.56714444,-81.83671667,NA,NA,879.5,2008,2018,10,11,17,18,FALSE,29,19,0.6552,North America,NA,
ic_1526_2,ic,1526_2,invertebrates,Invertebrates,Freshwater,Temperate,Manatee_mosquito,27.273,27.6405,-82.6574,-82.0981,27.49373864,-82.41045227,NA,NA,1592.8,2007,2020,9,14,37,44,FALSE,47,38,0.8085,North America,NA,
ic_1553,ic,1553,invertebrates,Invertebrates,Freshwater,Temperate,Chicago_mosquito,41.7246,41.9058,-87.9062,-87.8194,41.81113333,-87.87018889,NA,NA,130.3,1989,2004,15,16,8,9,FALSE,29,29,1,North America,NA,
ic_1554,ic,1554,invertebrates,Invertebrates,Freshwater,Temperate,Virginia_mosquito,36.596,36.875,-76.87,-76.445,36.76790909,-76.56454545,NA,NA,390.9,2008,2018,11,11,18,22,FALSE,38,38,1,North America,NA,
ic_1555,ic,1555,invertebrates,Invertebrates,Freshwater,Temperate,IdahoAda_mosquito,43.4904,43.7246,-116.493,-116.241,43.63988333,-116.3682917,NA,NA,429.4,2007,2019,13,13,12,22,FALSE,16,16,1,North America,NA,
mr_sfd_11,mr,sfd_11,plants,Plants,Terrestrial,Tropical,alston_2021a_CENTRAL,0.401766658,0.404035568,36.90897369,36.91309738,0.403253337,36.91080729,100,0,0.056245862,2009,2019,9,11,103,108,FALSE,24,23,0.9583,Africa,NA,
mr_sfd_12,mr,sfd_12,plants,Plants,Terrestrial,Tropical,alston_2021a_NORTH,0.479332209,0.481614441,36.86937714,36.87335587,0.480069664,36.87145988,100,0,0.042216677,2009,2018,8,10,80,89,FALSE,21,20,0.9524,Africa,NA,
mr_sfd_13,mr,sfd_13,plants,Plants,Terrestrial,Tropical,alston_2021a_SOUTH,0.280923337,0.287588894,36.89220428,36.89466858,0.283968709,36.89364813,100,0,0.013051725,2009,2019,9,11,107,108,FALSE,36,33,0.9167,Africa,NA,
mr_sfd_18,mr,sfd_18,plants,Plants,Terrestrial,Tropical,alston_2021c_NORTH,0.479332209,0.481614441,36.86937714,36.87335587,0.480192214,36.87165705,1,0,46.06116915,2009,2019,11,11,85,137,FALSE,128,112,0.875,Africa,NA,
mr_sfd_19,mr,sfd_19,plants,Plants,Terrestrial,Tropical,alston_2021c_SOUTH,0.280923337,0.287588894,36.89220428,36.89466858,0.283935189,36.8936615,1,0,46.06116915,2009,2019,11,11,116,147,FALSE,169,152,0.8994,Africa,NA,
mr_sfd_17,mr,sfd_17,plants,Plants,Terrestrial,Tropical,alston_2021c_CENTRAL,0.401766658,0.404035568,36.90897369,36.91309738,0.403243415,36.91083312,1,0,46.06116915,2009,2019,11,11,50,122,FALSE,151,134,0.8874,Africa,NA,
mr_sfd_20,mr,sfd_20,invertebrates,Invertebrates,Marine,Tropical,alves_2022_Belizean Barrier Reef,16.72906876,18.14583015,-88.03714752,-87.53333282,17.44161367,-87.86999702,50,0,7572.644842,1999,2009,2,11,7,8,FALSE,38,24,0.6316,South America,Caribbean Sea,
mr_sfd_21,mr,sfd_21,fish,Fish,Marine,Tropical,amesbury_1999_Gawel transects,13.42250824,13.42250824,144.6756592,144.6756592,13.42250824,144.6756592,100,0,4.054950135,1974,1999,2,26,4,4,TRUE,175,157,0.8971,Australia,Pacific Ocean,manual_added
mr_sfd_27,mr,sfd_27,marine plants,Plants,Marine,Temperate,anderson_2019b_Wizard,48.85819626,48.85819626,-125.1586075,-125.1586075,48.85819626,-125.1586075,0.3125,0,1.73,1997,2007,3,11,5,5,TRUE,25,15,0.6,NA,Pacific Ocean,
mr_sfd_28,mr,sfd_28,fish,Fish,Marine,Tropical,beldade_2015_Mataiva,-14.91666698,-14.91666698,-148.6000061,-148.6000061,-14.91666698,-148.6000061,250,0,50,1981,2012,2,32,13,13,TRUE,87,75,0.8621,NA,Pacific Ocean,
mr_sfd_29,mr,sfd_29,invertebrates,Invertebrates,Freshwater,Temperate,burlakova_2021_Lake Ontario,43.27140045,44.14083481,-79.53055573,-76.40750122,43.58273816,-77.97435013,0.053,0,18960,1990,2018,4,29,19,41,FALSE,77,30,0.3896,North America,NA,
mr_sfd_30,mr,sfd_30,fish,Fish,Freshwater,Temperate,cervantes-yoshida_2015_Alameda Creek Watershed,37.5633316,37.5633316,-122.1308365,-122.1308365,37.5633316,-122.1308365,100,0,1800,1996,2009,2,14,32,32,TRUE,16,16,1,North America,NA,
mr_sfd_31,mr,sfd_31,invertebrates,Invertebrates,Terrestrial,Tropical,"chen_2010_Mount Kinabalu, Sabah, Borneo",6.05095005,6.065814972,116.5222626,116.5557404,6.062002611,116.5374008,706.8583471,0,1.969688053,1965,2007,2,43,9,9,TRUE,208,139,0.6683,Asia,NA,
mr_sfd_32,mr,sfd_32,plants,Plants,Terrestrial,Temperate,"christensen_2021_Jornada Experimental Range, USA",32.61666489,32.61666489,-106.75,-106.75,32.61666489,-106.75,1,0,782,1927,2016,17,90,73,80,FALSE,183,137,0.7486,North America,NA,
mr_sfd_33,mr,sfd_33,plants,Plants,Terrestrial,Temperate,closset-kopp_2018_Compiegne Forest,49.38000107,49.38000107,2.883333445,2.883333445,49.38000107,2.883333445,800,0,144.14,1970,2015,2,46,5,5,TRUE,226,218,0.9646,Europe,NA,
mr_sfd_35,mr,sfd_35,invertebrates,Invertebrates,Freshwater,Temperate,countryside_survey_invertebrates_2017_Scotland,57,57,-4,-4,57,-4,1000000,0,77933,1990,2007,3,18,159,160,FALSE,453,308,0.6799,Europe,NA,
mr_sfd_34,mr,sfd_34,invertebrates,Invertebrates,Freshwater,Temperate,countryside_survey_invertebrates_2017_England,53,53,-1,-1,53,-1,1000000,0,130279,1998,2007,2,10,135,136,FALSE,516,351,0.6802,Europe,NA,
mr_sfd_36,mr,sfd_36,invertebrates,Invertebrates,Freshwater,Temperate,countryside_survey_invertebrates_2017_Wales,52.29999924,52.29999924,-3.599999905,-3.599999905,52.29999924,-3.599999905,1000000,0,20779,1998,2007,2,10,37,37,TRUE,260,180,0.6923,Europe,NA,
mr_sfd_37,mr,sfd_37,plants,Plants,Freshwater,Temperate,countryside_survey_macrophytes_2017_England,53,53,-1,-1,53,-1,1000000,0,130279,1998,2007,2,10,104,123,FALSE,118,107,0.9068,Europe,NA,
mr_sfd_38,mr,sfd_38,plants,Plants,Freshwater,Temperate,countryside_survey_macrophytes_2017_Scotland,57,57,-4,-4,57,-4,1000000,0,77933,1998,2007,2,10,147,158,FALSE,138,126,0.913,Europe,NA,
mr_sfd_39,mr,sfd_39,plants,Plants,Freshwater,Temperate,countryside_survey_macrophytes_2017_Wales,52.29999924,52.29999924,-3.599999905,-3.599999905,52.29999924,-3.599999905,1000000,0,20779,1998,2007,2,10,28,28,TRUE,69,59,0.8551,Europe,NA,
mr_sfd_41,mr,sfd_41,plants,Plants,Terrestrial,Temperate,countryside_survey_plants_2017_Scotland,57,57,-4,-4,57,-4,1000000,0,77933,1990,2007,3,18,185,185,TRUE,918,725,0.7898,Europe,NA,
mr_sfd_40,mr,sfd_40,plants,Plants,Terrestrial,Temperate,countryside_survey_plants_2017_England,53,53,-1,-1,53,-1,1000000,0,130279,1990,2007,3,18,249,286,FALSE,1140,902,0.7912,Europe,NA,
mr_sfd_42,mr,sfd_42,plants,Plants,Terrestrial,Temperate,countryside_survey_plants_2017_Wales,52.29999924,52.29999924,-3.599999905,-3.599999905,52.29999924,-3.599999905,1000000,0,20779,1998,2007,2,10,60,60,TRUE,652,524,0.8037,Europe,NA,
mr_sfd_44,mr,sfd_44,birds,Birds,Terrestrial,Temperate,dugan_2021a_Santa Barbara Coastal LTER,34.40304947,34.47046661,-120.1186142,-119.5515823,34.42041855,-119.8259628,100000,0,6,2009,2019,10,11,5,5,TRUE,106,100,0.9434,North America,NA,
mr_sfd_47,mr,sfd_47,invertebrates,Invertebrates,Marine,Temperate,ellingsen_2018_Ekofisk-region,56.04000092,57.15000153,2.5,3.829999924,56.67999996,3.100000013,0.1,0,5249.590159,1996,2011,6,16,10,11,FALSE,314,247,0.7866,NA,North Sea,
mr_sfd_48,mr,sfd_48,birds,Birds,Terrestrial,Temperate,gaget_2021_Allier,44.56878281,46.92454529,3.033632994,3.8975389,45.71786041,3.412141336,7853.981634,0,4150,1991,2006,3,16,90,90,TRUE,103,102,0.9903,Europe,NA,
mr_sfd_50,mr,sfd_50,birds,Birds,Terrestrial,Temperate,gaget_2021_Loire,44.77083206,47.8997345,-2.170103073,4.264727116,46.64022004,2.262038832,7853.981634,0,10180,1990,2011,4,22,198,198,TRUE,112,111,0.9911,Europe,NA,
mr_sfd_49,mr,sfd_49,birds,Birds,Terrestrial,Temperate,gaget_2021_Doubs,46.91262436,46.93943405,5.155871868,5.31089592,46.92822123,5.233538181,7853.981634,0,500,1993,2009,7,17,16,16,TRUE,77,76,0.987,Europe,NA,
mr_sfd_51,mr,sfd_51,invertebrates,Invertebrates,Terrestrial,Temperate,gibb_2019_Main Camp area of the Ethabuka Reserve,-23.76666641,-23.76666641,138.4666595,138.4666595,-23.76666641,138.4666595,0.007853982,0,314.1592654,1992,2013,5,22,5,6,FALSE,66,13,0.197,Australia,NA,
mr_sfd_53,mr,sfd_53,fish,Fish,Marine,Temperate,"green_2021_Vancouver Island, Canada",48.73768616,48.73768616,-125.1186447,-125.1186447,48.73768616,-125.1186447,3.71,0,0.0012,1975,2012,4,38,6,6,TRUE,19,17,0.8947,NA,Pacific Ocean,
mr_sfd_54,mr,sfd_54,plants,Plants,Terrestrial,Temperate,keith_2017_Royal National Park,-34.0961113,-34.0961113,151.1507568,151.1507568,-34.0961113,151.1507568,0.25,0,151,1990,2014,10,25,52,55,FALSE,55,54,0.9818,Australia,NA,
mr_sfd_55,mr,sfd_55,invertebrates,Invertebrates,Terrestrial,Polar,koleskinova_2021b_PP19,61.88035965,61.88035965,50.72694016,50.72694016,61.88035965,50.72694016,0.0025,0,615.7521601,2008,2018,3,11,5,5,TRUE,26,25,0.9615,Europe,NA,
mr_sfd_56,mr,sfd_56,invertebrates,Invertebrates,Terrestrial,Polar,koleskinova_2021b_PP36,61.91337967,61.91337967,50.68349075,50.68349075,61.91337967,50.68349075,0.0025,0,615.7521601,2003,2019,2,17,10,10,TRUE,26,24,0.9231,Europe,NA,
mr_sfd_57,mr,sfd_57,plants,Plants,Terrestrial,Temperate,larkin_2015_Illinois,41.5,41.5,-88.5,-88.5,41.5,-88.5,4.75,0,37499.25,1976,2001,2,26,41,41,TRUE,425,354,0.8329,North America,NA,
mr_sfd_58,mr,sfd_58,plants,Plants,Terrestrial,Temperate,lelli_2020_Northern Apennines,43.69008255,44.20758057,11.36268997,12.23184204,43.91979928,11.78336412,40,0,1555.945219,1960,2018,2,59,22,22,TRUE,317,314,0.9905,Europe,NA,
mr_sfd_59,mr,sfd_59,herpetofauna,Amphibians and reptiles,Terrestrial,Temperate,lightfoot_2022_Jornada Basin,32.66899872,32.66899872,-106.8649979,-106.8649979,32.66899872,-106.8649979,0.017671459,0,120,1995,2004,10,10,9,10,FALSE,17,14,0.8235,North America,NA,
mr_sfd_60,mr,sfd_60,fish,Fish,Freshwater,Tropical,magalhaes_2020_Muriae Ornamental Aquaculture Center,-21.02305603,-20.89575005,-42.36763763,-42.2812233,-20.95984993,-42.32432785,400,0,61.69556314,2005,2015,2,11,5,5,TRUE,47,45,0.9574,South America,NA,
mr_sfd_62,mr,sfd_62,plants,Plants,Terrestrial,Temperate,maleki_2021_Lake Duparquet Research and Teaching Forest in western Quebec,48.4389534,48.50257111,-79.34152222,-79.23917389,48.46842499,-79.2927124,10000,0,80.45,1994,2004,2,11,5,5,TRUE,12,10,0.8333,North America,NA,
mr_sfd_63,mr,sfd_63,fish,Fish,Freshwater,Temperate,matthews_2016_Piney Creek,36.0655098,36.22690964,-92.08449554,-91.96583557,36.13771407,-92.04280154,2500,0,140.1594637,1972,2012,6,41,12,12,TRUE,45,43,0.9556,North America,NA,
mr_sfd_64,mr,sfd_64,plants,Plants,Terrestrial,Tropical,mendieta-leiva_2021_San Lorenzo crane plot,9.281499863,9.281499863,-79.97399902,-79.97399902,9.281499863,-79.97399902,99.49037144,0,0.0196,2000,2012,2,13,206,206,TRUE,100,96,0.96,South America,NA,
mr_sfd_67,mr,sfd_67,plants,Plants,Terrestrial,Temperate,moore_2022_Fry Park,35.07011795,35.0721817,-111.7946777,-111.7926559,35.07113859,-111.7934952,1,0,0.023875635,2002,2016,14,15,7,9,FALSE,64,54,0.8438,North America,NA,
mr_sfd_74,mr,sfd_74,plants,Plants,Terrestrial,Temperate,moore_2022_Reese Tank,35.39456558,35.39578629,-111.6736679,-111.6716385,35.39510155,-111.6725378,1,0,0.011109422,2006,2015,6,10,7,8,FALSE,22,18,0.8182,North America,NA,
mr_sfd_75,mr,sfd_75,plants,Plants,Terrestrial,Temperate,moore_2022_Rogers Lake,35.13299942,35.13507462,-111.7920227,-111.7892761,35.133907,-111.7908401,1,0,0.029303682,2002,2021,19,20,11,12,FALSE,62,51,0.8226,North America,NA,
mr_sfd_76,mr,sfd_76,plants,Plants,Terrestrial,Temperate,moore_2022_Wild Bill - Dispersed Quadrats,35.30439758,35.37385941,-111.8378983,-111.7777557,35.34269079,-111.8145964,1,0,27.7550185,2006,2021,15,16,7,8,FALSE,43,36,0.8372,North America,NA,
mr_sfd_78,mr,sfd_78,plants,Plants,Terrestrial,Temperate,moore_2022_Wild Bill - Kendrick Panel,35.38160706,35.38197327,-111.8323212,-111.8309555,35.38179302,-111.8317394,1,0,0.00306498,2006,2021,14,16,4,4,TRUE,21,20,0.9524,North America,NA,
mr_sfd_65,mr,sfd_65,plants,Plants,Terrestrial,Temperate,moore_2022_Big Fill,35.18766403,35.18898773,-111.5546494,-111.5530319,35.18813748,-111.5538796,1,0,0.012490189,2004,2021,9,18,7,9,FALSE,49,44,0.898,North America,NA,
mr_sfd_66,mr,sfd_66,plants,Plants,Terrestrial,Temperate,moore_2022_Black Springs,35.12266541,35.12456131,-111.6829987,-111.6813736,35.12335792,-111.6822686,1,0,0.015642462,2004,2015,10,12,10,13,FALSE,42,37,0.881,North America,NA,
mr_sfd_81,mr,sfd_81,plants,Plants,Terrestrial,Temperate,moore_2022_Wild Bill - Willaha,35.44143677,35.44763947,-111.825325,-111.8183365,35.44463444,-111.8217602,1,0,0.030564274,2006,2021,5,16,4,4,TRUE,27,25,0.9259,North America,NA,
mr_sfd_82,mr,sfd_82,invertebrates,Invertebrates,Freshwater,Temperate,mushet_2017_Cottonwood Lake Study Area,47.09569931,47.10229874,-99.10449982,-99.09159851,47.09889984,-99.09792873,NA,NA,1.74736589,1993,2015,20,23,5,12,FALSE,142,32,0.2254,North America,NA,
mr_sfd_131,mr,sfd_131,plants,Plants,Freshwater,Temperate,muthukrishnan_2019_Otter Tail,40,40,-89,-89,40,-89,0.7,0,5127.425143,2003,2012,2,10,4,4,TRUE,18,15,0.8333,North America,NA,
mr_sfd_86,mr,sfd_86,plants,Plants,Freshwater,Temperate,muthukrishnan_2019_Becker,40,40,-89,-89,40,-89,0.7,0,3393.972075,2003,2012,2,10,4,4,TRUE,18,16,0.8889,North America,NA,
mr_sfd_156,mr,sfd_156,plants,Plants,Terrestrial,Polar,myers-smith_2019_Herschel,69.58000183,69.58000183,-138.8600006,-138.8600006,69.58000183,-138.8600006,1,0,0.0025,1999,2017,8,19,6,6,TRUE,41,38,0.9268,North America,Mackenzie Bay,manual_added
mr_sfd_157,mr,sfd_157,plants,Plants,Terrestrial,Polar,myers-smith_2019_Komakuk,69.58000183,69.58000183,-138.8699951,-138.8699951,69.58000183,-138.8699951,1,0,0.0025,1999,2017,8,19,6,6,TRUE,39,32,0.8205,North America,Mackenzie Bay,manual_added
mr_sfd_158,mr,sfd_158,plants,Plants,Terrestrial,Temperate,price_2017_Illinois,39,39,-89,-89,39,-89,200,0,149997,2000,2015,4,16,48,48,TRUE,396,389,0.9823,North America,NA,
mr_sfd_159,mr,sfd_159,fish,Fish,Marine,Temperate,reed_2022_fish_Santa Barbara Channel,34.39241791,34.46878433,-120.3334351,-119.5438004,34.41956992,-119.87635,80,0,0.001356844,2001,2021,21,21,30,38,FALSE,63,57,0.9048,North America,Pacific Ocean,manual_added
mr_sfd_160,mr,sfd_160,invertebrates,Invertebrates,Marine,Temperate,reed_2022_invertebrate_Santa Barbara Channel,34.39241791,34.46878433,-120.3334351,-119.5438004,34.41956992,-119.87635,80,0,0.001394535,2001,2021,21,21,32,38,FALSE,94,79,0.8404,North America,Pacific Ocean,manual_added
mr_sfd_161,mr,sfd_161,marine plants,Plants,Marine,Temperate,reed_2022_macroalgae_Santa Barbara Channel,34.39241791,34.46878433,-120.3334351,-119.5438004,34.41956992,-119.87635,80,0,0.001017501,2001,2021,21,21,24,36,FALSE,41,26,0.6341,North America,Pacific Ocean,manual_added
mr_sfd_164,mr,sfd_164,plants,Plants,Terrestrial,Tropical,russell-smith_2017_shrubs_Litchfield,-13.52137184,-13.04250908,130.6912842,130.9654846,-13.27993931,130.7965524,400,0,985.6359477,2001,2016,4,16,33,36,FALSE,165,155,0.9394,Australia,NA,
mr_sfd_163,mr,sfd_163,plants,Plants,Terrestrial,Tropical,russell-smith_2017_shrubs_Kakadu,-13.7951498,-12.11375999,132.0047913,132.9979706,-12.87909543,132.681842,400,0,16671.56359,1995,2013,3,19,56,104,FALSE,349,312,0.894,Australia,NA,
mr_sfd_165,mr,sfd_165,plants,Plants,Terrestrial,Tropical,russell-smith_2017_shrubs_Nitmiluk,-14.3936739,-13.81720066,132.1696777,132.7357941,-14.15665557,132.4582884,400,0,2549.47462,2000,2015,4,16,43,44,FALSE,215,193,0.8977,Australia,NA,
mr_sfd_166,mr,sfd_166,plants,Plants,Terrestrial,Tropical,russell-smith_2017_trees_Kakadu,-13.7951498,-12.11375999,131.8922577,132.9979706,-12.85725923,132.6467928,800,0,16715.84033,1995,2013,3,19,58,101,FALSE,163,158,0.9693,Australia,NA,
mr_sfd_167,mr,sfd_167,plants,Plants,Terrestrial,Tropical,russell-smith_2017_trees_Litchfield,-13.52137184,-13.04250908,130.6912842,130.9654846,-13.27599381,130.7989859,800,0,984.8417412,2001,2016,4,16,31,35,FALSE,90,86,0.9556,Australia,NA,
mr_sfd_168,mr,sfd_168,plants,Plants,Terrestrial,Tropical,russell-smith_2017_trees_Nitmiluk,-14.3936739,-13.81720066,132.1696777,132.7357941,-14.16090945,132.4568989,800,0,2550.437364,2000,2015,4,16,42,43,FALSE,78,74,0.9487,Australia,NA,
mr_sfd_169,mr,sfd_169,birds,Birds,Terrestrial,Temperate,santana_2017_SPA Castro Verde High-intensity,38.04999924,38.04999924,-8.100000381,-8.100000381,38.04999924,-8.100000381,321200,0,423.92,1995,2012,3,18,24,24,TRUE,60,58,0.9667,Europe,NA,
mr_sfd_170,mr,sfd_170,birds,Birds,Terrestrial,Temperate,santana_2017_SPA Castro Verde Low-intensity,37.68333435,37.68333435,-8,-8,37.68333435,-8,321200,0,456.08,1995,2012,5,18,39,43,FALSE,68,66,0.9706,Europe,NA,
mr_sfd_172,mr,sfd_172,plants,Plants,Terrestrial,Temperate,sonnier_2022_Buck Island Ranch,27.14999962,27.14999962,-81.18333435,-81.18333435,27.14999962,-81.18333435,15,0,41.7,2006,2020,12,15,40,40,TRUE,215,187,0.8698,North America,NA,
mr_sfd_173,mr,sfd_173,marine plants,Plants,Marine,Temperate,sorte_2018a_Gulf of Maine,42.42004776,44.38259888,-70.90595245,-68.09580231,43.63051224,-69.49391556,0.25,0,45,1974,2014,4,41,4,4,TRUE,60,29,0.4833,NA,Gulf of Maine,
mr_sfd_174,mr,sfd_174,invertebrates,Invertebrates,Marine,Temperate,sorte_2018b_Gulf of Maine,42.42004776,44.38259888,-70.90595245,-68.09580231,43.63051224,-69.49391556,0.25,0,45,1974,2014,4,41,4,4,TRUE,37,19,0.5135,NA,Gulf of Maine,
mr_sfd_175,mr,sfd_175,plants,Plants,Terrestrial,Temperate,"sperandii_2020_Coastal dunes, Italy",42.00999832,42.00999832,13.47999954,13.47999954,42.00999832,13.47999954,4,0,20,2007,2017,2,11,256,256,TRUE,178,166,0.9326,Europe,NA,
mr_sfd_176,mr,sfd_176,marine plants,Plants,Marine,Temperate,starko_2019_Barkley Sound,48.81204224,48.92573166,-125.3731384,-125.1150436,48.8690989,-125.2084522,40,0,162.6045043,1993,2018,4,26,46,48,FALSE,19,14,0.7368,NA,Pacific Ocean,
mr_sfd_178,mr,sfd_178,plants,Plants,Freshwater,Temperate,"szydlowski_2022_macrophytes_Vilas County, Wisconsin",45.85684204,46.22323227,-89.90317535,-89.54669952,46.08804109,-89.75303311,11.7,0,2640,1987,2020,4,34,8,9,FALSE,35,24,0.6857,North America,NA,
mr_sfd_179,mr,sfd_179,invertebrates,Invertebrates,Freshwater,Temperate,"szydlowski_2022_snails_Vilas County, Wisconsin",46.02906036,46.02906036,-89.67030334,-89.67030334,46.02906036,-89.67030334,0.10944,0,0,2011,2020,2,10,6,6,TRUE,22,18,0.8182,North America,NA,
mr_sfd_180,mr,sfd_180,invertebrates,Invertebrates,Marine,Tropical,"tanner_2022_North Crest, Heron Island",-23.43424988,-23.43424988,151.9273071,151.9273071,-23.43424988,151.9273071,1,0,0.083468975,1963,2012,27,50,4,4,TRUE,78,44,0.5641,NA,Great Barrier Reef,
mr_sfd_183,mr,sfd_183,plants,Plants,Terrestrial,Temperate,vojik_2018_Klinec forest,49.9007988,49.9007988,14.34259987,14.34259987,49.9007988,14.34259987,500,0,10,1957,2015,2,59,29,29,TRUE,125,122,0.976,Europe,NA,
mr_sfd_186,mr,sfd_186,plants,Plants,Terrestrial,Temperate,wardle_2014_plants_Simpson Desert,-23.59983063,-23.59983063,138.2355042,138.2355042,-23.59983063,138.2355042,117.8097245,0,19.74735988,1998,2016,15,19,19,20,FALSE,420,133,0.3167,Australia,NA,
mr_sfd_187,mr,sfd_187,mammals,Mammals,Terrestrial,Temperate,wardle_2014_reptile_Simpson Desert,-23.59983063,-23.59983063,138.2355042,138.2355042,-23.59983063,138.2355042,10000,0,19.74735988,1999,2017,7,19,17,20,FALSE,49,46,0.9388,Australia,NA,
mr_sfd_194,mr,sfd_194,invertebrates,Invertebrates,Terrestrial,Tropical,willig_2010_Luquillo Forest Dynamics Plot (LFDP),18.33329964,18.33329964,-65.8167038,-65.8167038,18.33329964,-65.8167038,28.27433388,0,0.16,1992,2012,20,21,38,39,FALSE,18,14,0.7778,South America,NA,
mr_sfd_195,mr,sfd_195,invertebrates,Invertebrates,Terrestrial,Temperate,wright_2021_desert grassland,34.33620071,34.33620071,-106.721199,-106.721199,34.33620071,-106.721199,1.5393804,0,0.6,2002,2019,16,18,5,5,TRUE,221,183,0.8281,North America,NA,
mr_sfd_196,mr,sfd_196,invertebrates,Invertebrates,Terrestrial,Temperate,wright_2021_desert shrubland,34.332901,34.332901,-106.7358017,-106.7358017,34.332901,-106.7358017,1.5393804,0,0.56,2002,2019,16,18,5,5,TRUE,239,190,0.795,North America,NA,
mr_sfd_197,mr,sfd_197,invertebrates,Invertebrates,Terrestrial,Temperate,wright_2021_plains grasslands,34.33639908,34.33639908,-106.6344986,-106.6344986,34.33639908,-106.6344986,1.5393804,0,0.64,2002,2019,16,18,5,5,TRUE,250,196,0.784,North America,NA,
